id;famille;nomDeLaFamille;reference;designation;format;prixAchat;prixVente;conditionnement;matiere;couleur_interieur;couleur_ext1;imageCoul1;couleur_ext2;imageCoul2;couleur_ext3;imageCoul3;couleur_ext4;imageCoul4;couleur_ext5;imageCoul5;couleur_ext6;imageCoul6;couleur_ext7;imageCoul7;couleur_ext8;imageCoul8;couleur_ext9;imageCoul9;couleur_ext10;imageCoul10;couleur_ext11;imageCoul11;couleur_ext12;imageCoul12;couleur_ext13;imageCoul13;created_at;updated_at
1;Photo;Photo;TIR00A6;Tirage photo; A6 - 105 x 148 mm;;0,70;1;;;;;;;;;;;;;;;;;;;;;;;;;;;;;17/11/2025 21:30;17/11/2025 21:30
2;Photo;Photo;TIR00A5;Tirage photo;A5 - 148 x 210 mm;;1,10;1;;;;;;;;;;;;;;;;;;;;;;;;;;;;;17/11/2025 21:30;17/11/2025 21:30
3;Photo;Photo;TIR00A4;Tirage photo;A4 - 210 x 297 mm;;2,30;1;;;;;;;;;;;;;;;;;;;;;;;;;;;;;17/11/2025 21:30;17/11/2025 21:30
4;Photo;Photo;TIR00A3;Tirage photo;A3 - 297 x 420 mm;;3,20;1;;;;;;;;;;;;;;;;;;;;;;;;;;;;;17/11/2025 21:30;17/11/2025 21:30
5;Photo;Photo;TIR00A3+;Tirage photo;A3+ - 280 x 360 mm + bords (60mm);;3,50;1;;;;;;;;;;;;;;;;;;;;;;;;;;;;;17/11/2025 21:30;17/11/2025 21:30
6;Peel & Stick Sheets;Feuilles autocollantes;TRP0000000A4;Feuilles autocollantes A4;A4;56,45;108,00;100;;;;;;;;;;;;;;;;;;;;;;;;;;;;;17/11/2025 21:30;17/11/2025 21:30
7;Peel & Stick Sheets;Feuilles autocollantes;TRP0000000A5;Feuilles autocollantess A5;A5;28,22;54,00;100;;;;;;;;;;;;;;;;;;;;;;;;;;;;;17/11/2025 21:30;17/11/2025 21:30
8;Peel & Stick Photo Book;Livre photo autocollant;WEUUBPSA001;Livre photo autocollant 12 pages + face avant;10x15cm;35,85;69,00;10;;;Black;;;;Pastel Blue;;Pastel Pink;;Pastel Purple;;Pastel yellow;;Pastel Green;;;;;;;;;;;;;;17/11/2025 21:30;17/11/2025 21:30
9;Peel & Stick Photo Book;Livre photo autocollant;WESSPAPS601;Livre photo autocollant 12 pages;10x15cm;31,69;61,00;10;;;Red;;;;Pastel Blue;;Pastel Pink;;Pastel Purple;;Pastel yellow;;Pastel Green;;;;;;;;;;;;;;17/11/2025 21:30;17/11/2025 21:30
10;Peel & Stick Photo Book;Livre photo autocollant;WESSPAPS603;Livre photo autocollant 12 pages;10x15cm;31,69;61,00;10;;;Black;;;;Pastel Blue;;Pastel Pink;;Pastel Purple;;Pastel yellow;;Pastel Green;;;;;;;;;;;;;;17/11/2025 21:30;17/11/2025 21:30
11;Peel & Stick Photo Book;Livre photo autocollant;WEUUBPSA002;Livre photo autocollant 12 pages pour photo 10x15;15x20cm;44,33;85,00;10;;;Black;;;;Pastel Blue;;Pastel Pink;;Pastel Purple;;Pastel yellow;;Pastel Green;;;;;;;;;;;;;;17/11/2025 21:30;17/11/2025 21:30
12;Instant Photobooks;Livres photo instantanés;INSTPHB5X5BLACK;Livres photo instantanés;12x12cm;27,86;53,00;10;;;Black;;;;;;;;;;;;;;;;;;;;;;;;;;17/11/2025 21:30;17/11/2025 21:30
13;Instant Photobooks;Livres photo instantanés;INSTPHB5X5BLUE;Livres photo instantanés;12x12cm;30,83;59,00;10;;;Blue;;;;;;;;;;;;;;;;;;;;;;;;;;17/11/2025 21:30;17/11/2025 21:30
14;Instant Photobooks;Livres photo instantanés;INSTPHB5X5PINK;Livres photo instantanés;12x12cm;30,83;59,00;10;;;Pink;;;;;;;;;;;;;;;;;;;;;;;;;;17/11/2025 21:30;17/11/2025 21:30
15;Instant Photobooks;Livres photo instantanés;INSTPHB5X5PURP;Livres photo instantanés;12x12cm;30,83;59,00;10;;;Purple;;;;;;;;;;;;;;;;;;;;;;;;;;17/11/2025 21:30;17/11/2025 21:30
16;Instant Photobooks;Livres photo instantanés;INSTPHB5X5WHITE;Livres photo instantanés;12x12cm;28,67;55,00;10;;;White;;;;;;;;;;;;;;;;;;;;;;;;;;17/11/2025 21:30;17/11/2025 21:30
17;Instant Photobooks;Livres photo instantanés;INSTPHB6X6BLACK;Livres photo instantanés;15x15cm;31,51;60,00;10;;;Black;;;;;;;;;;;;;;;;;;;;;;;;;;17/11/2025 21:30;17/11/2025 21:30
18;Instant Photobooks;Livres photo instantanés;INSTPHB6X6BLUE;Livres photo instantanés;15x15cm;33,27;64,00;10;;;Blue;;;;;;;;;;;;;;;;;;;;;;;;;;17/11/2025 21:30;17/11/2025 21:30
19;Instant Photobooks;Livres photo instantanés;INSTPHB6X6PINK;Livres photo instantanés;15x15cm;33,27;64,00;10;;;Pink;;;;;;;;;;;;;;;;;;;;;;;;;;17/11/2025 21:30;17/11/2025 21:30
20;Instant Photobooks;Livres photo instantanés;INSTPHB6X6PURP;Livres photo instantanés;15x15cm;33,27;64,00;10;;;Purple;;;;;;;;;;;;;;;;;;;;;;;;;;17/11/2025 21:30;17/11/2025 21:30
21;Instant Photobooks;Livres photo instantanés;INSTPHB6X6WHITE;Livres photo instantanés;15x15cm;32,59;62,00;10;;;White;;;;;;;;;;;;;;;;;;;;;;;;;;17/11/2025 21:30;17/11/2025 21:30
22;Instant Photobooks;Livres photo instantanés;INSTPHB8X8BLACK;Livres photo instantanés;20x20cm;37,60;72,00;10;;;Black;;;;;;;;;;;;;;;;;;;;;;;;;;17/11/2025 21:30;17/11/2025 21:30
23;Instant Photobooks;Livres photo instantanés;INSTPHB8X8BLUE;Livres photo instantanés;20x20cm;40,17;77,00;10;;;Black;;;;;;;;;;;;;;;;;;;;;;;;;;17/11/2025 21:30;17/11/2025 21:30
24;Instant Photobooks;Livres photo instantanés;INSTPHB8X8PINK;Livres photo instantanés;20x20cm;40,17;77,00;10;;;Black;;;;;;;;;;;;;;;;;;;;;;;;;;17/11/2025 21:30;17/11/2025 21:30
25;Instant Photobooks;Livres photo instantanés;INSTPHB8X8PURP;Livres photo instantanés;20x20cm;40,17;77,00;10;;;Black;;;;;;;;;;;;;;;;;;;;;;;;;;17/11/2025 21:30;17/11/2025 21:30
26;Instant Photobooks;Livres photo instantanés;INSTPHB8X8WHITE;Livres photo instantanés;20x20cm;38,14;73,00;10;;;Black;;;;;;;;;;;;;;;;;;;;;;;;;;17/11/2025 21:30;17/11/2025 21:30
27;Instant Photobooks;Livres photo instantanés;INSTPHBMARKER;Crayon blanc pour livre photo instantanés;;4,32;6,00;1;;;White;;;;;;;;;;;;;;;;;;;;;;;;;;17/11/2025 21:30;17/11/2025 21:30
29;Photo Book A4 Landscape (black mirror);Livre photo A4 Paysage (miroir noir);2522F4L05AL;Photo Book A4L 5 mm Aluminium;;37,37;79,00;10;;;Aluminium;;;;;;;;;;;;;;;;;;;;;;;;;;17/11/2025 21:30;17/11/2025 21:30
30;Photo Book A4 Landscape (black mirror);Livre photo A4 Paysage (miroir noir);2522F4L05BK;Photo Book A4L 5 mm Black Silk;;32,43;94,00;10;;;Black Silk;;;;;;;;;;;;;;;;;;;;;;;;;;17/11/2025 21:30;17/11/2025 21:30
31;Photo Book A4 Landscape (black mirror);Livre photo A4 Paysage (miroir noir);2522F4L05WP;Photo Book A4L 5 mm White Pearl ;;27,37;79,00;10;;;White Pearl;;;;;;;;;;;;;;;;;;;;;;;;;;17/11/2025 21:30;17/11/2025 21:30
32;Photo Book A4 Landscape (black mirror);Livre photo A4 Paysage (miroir noir);2522F4L07AL;Photo Book A4L 7 mm Aluminium;;27,82;80,00;10;;;Aluminium;;;;;;;;;;;;;;;;;;;;;;;;;;17/11/2025 21:30;17/11/2025 21:30
33;Photo Book A4 Landscape (black mirror);Livre photo A4 Paysage (miroir noir);2522F4L07BK;Photo Book A4L 7 mm Black Silk;;32,88;95,00;10;;;Black Silk;;;;;;;;;;;;;;;;;;;;;;;;;;17/11/2025 21:30;17/11/2025 21:30
34;Photo Book A4 Landscape (black mirror);Livre photo A4 Paysage (miroir noir);2522F4L07WP;Photo Book A4L 7 mm White Pearl ;;27,82;80,00;10;;;White Pearl;;;;;;;;;;;;;;;;;;;;;;;;;;17/11/2025 21:30;17/11/2025 21:30
35;Photo Book A4 Landscape (black mirror);Livre photo A4 Paysage (miroir noir);2522F4L09AL;Photo Book A4L 9 mm Aluminium ;;28,27;82,00;10;;;Aluminium;;;;;;;;;;;;;;;;;;;;;;;;;;17/11/2025 21:30;17/11/2025 21:30
36;Photo Book A4 Landscape (black mirror);Livre photo A4 Paysage (miroir noir);2522F4L09BK;Photo Book A4L 9 mm Black Silk;;33,17;96,00;10;;;Black Silk;;;;;;;;;;;;;;;;;;;;;;;;;;17/11/2025 21:30;17/11/2025 21:30
37;Photo Book A4 Landscape (black mirror);Livre photo A4 Paysage (miroir noir);2522F4L09WP;Photo Book A4L 9 mm White Pearl ;;28,27;82,00;10;;;White Pearl;;;;;;;;;;;;;;;;;;;;;;;;;;17/11/2025 21:30;17/11/2025 21:30
38;Photo Book A4 Landscape (black mirror);Livre photo A4 Paysage (miroir noir);252904L40WS;Photo Book A4L 5 mm White SoftTouch;;27,37;79,00;10;SoftTouch;;White;;;;;;;;;;;;;;;;;;;;;;;;;;17/11/2025 21:30;17/11/2025 21:30
39;Photo Book A4 Landscape (black mirror);Livre photo A4 Paysage (miroir noir);252904L40LIM;Photo Book A4L 5 mm Kashmir Lime;;;;10;Kashmir;;Lime;;;;;;;;;;;;;;;;;;;;;;;;;;17/11/2025 21:30;17/11/2025 21:30
40;Photo Book A4 Landscape (black mirror);Livre photo A4 Paysage (miroir noir);252904L40OYS;Photo Book A4L 5 mm Kashmir Oyster ;;;;10;Kashmir;;Oyster;;;;;;;;;;;;;;;;;;;;;;;;;;17/11/2025 21:30;17/11/2025 21:30
41;Photo Book A4 Landscape (black mirror);Livre photo A4 Paysage (miroir noir);252904L40SIL;Photo Book A4L 5 mm Kashmir SIlver;;;;10;Kashmir;;Silver;;;;;;;;;;;;;;;;;;;;;;;;;;17/11/2025 21:30;17/11/2025 21:30
42;Photo Book A4 Landscape (black mirror);Livre photo A4 Paysage (miroir noir);252904L40ULT;Photo Book A4L 5 mm Kashmir Ultramarine;;;;10;Kashmir;;Ultra-marine;;;;;;;;;;;;;;;;;;;;;;;;;;17/11/2025 21:30;17/11/2025 21:30
43;Photo Book A5 Landscape (black mirror);Livre photo A5 Paysage (miroir noir);2522F5L05AL;Photo Book A5L 5 mm Aluminium;;22,76;66,00;10;;;Aluminium;;;;;;;;;;;;;;;;;;;;;;;;;;17/11/2025 21:30;17/11/2025 21:30
44;Photo Book A5 Landscape (black mirror);Livre photo A5 Paysage (miroir noir);2522F5L05BK;Photo Book A5L 5 mm Black Silk;;32,43;94,00;10;;;Black Silk;;;;;;;;;;;;;;;;;;;;;;;;;;17/11/2025 21:30;17/11/2025 21:30
45;Photo Book A5 Landscape (black mirror);Livre photo A5 Paysage (miroir noir);2522F5L05WP;Photo Book A5L 5 mm White Pearl;;27,37;79,00;10;;;White Pearl;;;;;;;;;;;;;;;;;;;;;;;;;;17/11/2025 21:30;17/11/2025 21:30
46;Photo Book A4 Portrait (black mirror);Livre photo A4 Portrait (miroir noir);2522FA405BK;Photo Book A4P 5 m Black Silk;;28,71;83,00;10;;;Black Silk;;;;;;;;;;;;;;;;;;;;;;;;;;17/11/2025 21:30;17/11/2025 21:30
47;Photo Book A3 Landscape (black mirror);Livre photo A3 Paysage (miroir noir);2522F3L05GQ;Photo Book A3L 5 mm Black;;40,61;118,00;10;;;Black;;;;;;;;;;;;;;;;;;;;;;;;;;17/11/2025 21:30;17/11/2025 21:30
48;Photo Book A3 Landscape (black mirror);Livre photo A3 Paysage (miroir noir);2522F3L07GQ;Photo Book A3L 7 mm Black;;40,76;118,00;10;;;Black;;;;;;;;;;;;;;;;;;;;;;;;;;17/11/2025 21:30;17/11/2025 21:30
49;Photo Book A3 Landscape (black mirror);Livre photo A3 Paysage (miroir noir);2522F3L09GQ;Photo Book A3L 9 mm Black;;40,91;118,00;10;;;Black;;;;;;;;;;;;;;;;;;;;;;;;;;17/11/2025 21:30;17/11/2025 21:30
50;Photo Book A3 Landscape (black mirror);Livre photo A3 Paysage (miroir noir);2522F3L12GQ;Photo Book A3L 12 mm Black;;40,91;119,00;10;;;Black;;;;;;;;;;;;;;;;;;;;;;;;;;17/11/2025 21:30;17/11/2025 21:30
51;Photo Books with window;Livres photo avec fenêtre;WEUUBSTA001;Photo Book 15X20 (6X8) Landscape 7 mm Kashmir Red (Window 76x106mm;;25,74;50,00;10;Kashmir;;Red;;;;;;;;;;;;;;;;;;;;;;;;;;17/11/2025 21:30;17/11/2025 21:30
52;Photo Books with window;Livres photo avec fenêtre;WEUUBSTA002;Photo Book 15X20 (6X8) Landscape 7 mm kashmir Ultramarine (Window 76x106mm);;25,74;50,00;10;Kashmir;; Ultra-marine;;;;;;;;;;;;;;;;;;;;;;;;;;17/11/2025 21:30;17/11/2025 21:30
53;Photo Books with window;Livres photo avec fenêtre;WEUUBSTA003;Photo Book 15X20 (6X8) Landscape 7 mm Kashmir Oyster (Window 76x106mm);;25,74;50,00;10;Kashmir;;Oyster;;;;;;;;;;;;;;;;;;;;;;;;;;17/11/2025 21:30;17/11/2025 21:30
54;Photo Books with window;Livres photo avec fenêtre;WEUUBSTA006;Photo Book 15X20 (6X8) Landscape 7 mm Black Silk (Window 76x106mm);;24,25;47,00;10;;;Black Silk;;;;;;;;;;;;;;;;;;;;;;;;;;17/11/2025 21:30;17/11/2025 21:30
55;Photo Books with window;Livres photo avec fenêtre;WEUUBSTA008;Photo Book 20X20 (8X8) - 7 mm Kashmir Red (Window 80x80mm);;31,69;61,00;10;Kashmir;;Red;;;;;;;;;;;;;;;;;;;;;;;;;;17/11/2025 21:30;17/11/2025 21:30
56;Photo Books with window;Livres photo avec fenêtre;WEUUBSTA009;Photo Book 20X20 (8X8) - 7 mm kashmir Ultramarine (Window 80x80mm) ;;31,68;61,00;10;Kashmir;; Ultra-marine;;;;;;;;;;;;;;;;;;;;;;;;;;17/11/2025 21:30;17/11/2025 21:30
57;Photo Books with window;Livres photo avec fenêtre;WEUUBSTA010;Photo Book 20X20 (8X8) - 7 mm Kashmir Oyster (Window 80x80mm);;31,69;61,00;10;Kashmir;;Oyster;;;;;;;;;;;;;;;;;;;;;;;;;;17/11/2025 21:30;17/11/2025 21:30
58;Photo Books with window;Livres photo avec fenêtre;WEUUBSTA013;Photo Book 20X20 (8X8) - 7 mm Black Silk (Window 80x80mm);;29,01;56,00;10;;;Black Silk;;;;;;;;;;;;;;;;;;;;;;;;;;17/11/2025 21:30;17/11/2025 21:30
59;Photo Books with window;Livres photo avec fenêtre;WEUUBSTA022;Photo Book 20X30 (8X12) Landscape 7 mm Kashmir Red (Window 76x106mm);;32,43;63,00;10;Kashmir;;Red;;;;;;;;;;;;;;;;;;;;;;;;;;17/11/2025 21:30;17/11/2025 21:30
60;Photo Books with window;Livres photo avec fenêtre;WEUUBSTA023;Photo Book 20X30 (8X12) Landscape 7 mm kashmir Ultramarine (Window 76x106mm);;32,43;63,00;10;Kashmir;; Ultra-marine;;;;;;;;;;;;;;;;;;;;;;;;;;17/11/2025 21:30;17/11/2025 21:30
61;Photo Books with window;Livres photo avec fenêtre;WEUUBSTA024;Photo Book 20X30 (8X12) Landscape 7 mm Kashmir Oyster (Window 76x106mm);;32,43;63,00;10;Kashmir;;Oyster;;;;;;;;;;;;;;;;;;;;;;;;;;17/11/2025 21:30;17/11/2025 21:30
62;Photo Books with window;Livres photo avec fenêtre;WEUUBSTA027;Photo Book 20X30 (8X12) Landscape 7 mm Black Silk (Window 76x106mm) ;;31,98;62,00;10;;;Black Silk;;;;;;;;;;;;;;;;;;;;;;;;;;17/11/2025 21:30;17/11/2025 21:30
63;Infinity Lay-Flat sans couverture;Infini à plat sans couverture;INFLFB858521WH;Infinity Lay-Flat Bookblock White 8,5 x 8,5 (21,6 x 21,6cm) for 21 pages;;79,07;227,00;10;;;White;;;;;;;;;;;;;;;;;;;;;;;;;;17/11/2025 21:30;17/11/2025 21:30
64;Infinity Lay-Flat sans couverture;Infini à plat sans couverture;INFLFB101021WH;Infinity Lay-Flat Bookblock White 10 x 10 (25,4 x 25,4cm) for 21 pages;;106,89;306,00;10;;;White;;;;;;;;;;;;;;;;;;;;;;;;;;17/11/2025 21:30;17/11/2025 21:30
65;Infinity Lay-Flat avec couverture rigide;Infini à plat avec couverture rigide;INFLFH858521OYS;Infinity Lay-Flat HardCover Kashmir Oyster 8,5 x 8,5 for 21 pages;;39,69;114,00;10;Kashmir;;Oyster;;;;;;;;;;;;;;;;;;;;;;;;;;17/11/2025 21:30;17/11/2025 21:30
66;Infinity Lay-Flat avec couverture rigide;Infini à plat avec couverture rigide;INFLFH858521CHA;Infinity Lay-Flat HardCover Kashmir Charcoal 8,5 x 8,5 for 21 pages;;39,69;114,00;10;Kashmir;;Charcoal;;;;;;;;;;;;;;;;;;;;;;;;;;17/11/2025 21:30;17/11/2025 21:30
67;Infinity Lay-Flat avec couverture rigide;Infini à plat avec couverture rigide;INFLFH101021OYS;Infinity Lay-Flat HardCover Kashmir Oyster 10 x 10 for 21 pages;;46,94;135,00;10;Kashmir;;Oyster;;;;;;;;;;;;;;;;;;;;;;;;;;17/11/2025 21:30;17/11/2025 21:30
68;Infinity Lay-Flat avec couverture rigide;Infini à plat avec couverture rigide;INFLFH101021CHA;Infinity Lay-Flat HardCover Kashmir Charcoal 10 x 10 for 21 pages;;46,94;135,00;10;Kashmir;;Charcoal;;;;;;;;;;;;;;;;;;;;;;;;;;17/11/2025 21:30;17/11/2025 21:30
69;Infinity Lay Flat Hard Cover Basic 21,6x21,6 cm;Infini à plat couverture rigide basic;INFLFH858521BAS;Infinity Lay-Flat Hard Cover Basic 8.5 x 8.5 for 21 sheets incl. White mirrors;;66,41;127,00;25;;;White;;;;;;;;;;;;;;;;;;;;;;;;;;17/11/2025 21:30;17/11/2025 21:30
70;Canvas;Impression sur toile;CCCAFR11X14;Canvas Frame 28x36 cm (11”x14”);;5,03;10,00;1;;;;;;;;;;;;;;;;;;;;;;;;;;;;;17/11/2025 21:30;17/11/2025 21:30
71;Peel & Stick Calendar Desktop;Calendrier Photo Autocollant de Bureau;UCDPB06XX06;Peel & Stick Calender Desktop 15X15 (6X6) bulk;;143,71;414,00;60;;;;;;;;;;;;;;;;;;;;;;;;;;;;;17/11/2025 21:30;17/11/2025 21:30
72;Peel & Stick Calendar Desktop;Calendrier Photo Autocollant de Bureau;UCDPB06XX08;Peel & Stick Calender Desktop 15X20 (6X8) bulk;;146,38;424,00;60;;;;;;;;;;;;;;;;;;;;;;;;;;;;;17/11/2025 21:30;17/11/2025 21:30
73;Peel & Stick Calendar Desktop;Calendrier Photo Autocollant de Bureau;UCDPR0606**;Peel & Stick Calender Desktop 15X15 (6X6) consumer packaging;;15,89;46,00;6;;;;;;;;;;;;;;;;;;;;;;;;;;;;;17/11/2025 21:30;17/11/2025 21:30
74;Peel & Stick Calendar Desktop;Calendrier Photo Autocollant de Bureau;UCDPR0608**;Peel & Stick Calender Desktop 15X20 (6X8) consumer packaging;;16,25;47,00;6;;;;;;;;;;;;;;;;;;;;;;;;;;;;;17/11/2025 21:30;17/11/2025 21:30
75;Peel & Stick Calendar Cardboard Desktop;Calendrier Photo Autocollant de Bureau en carton;UCDRB04XX08;Peel & Stick Calendar Cardboard Desktop 20X10 (8X4);;30,65;89,00;20;;;;;;;;;;;;;;;;;;;;;;;;;;;;;17/11/2025 21:30;17/11/2025 21:30
76;Peel & Stick Calendar Cardboard Desktop;Calendrier Photo Autocollant de Bureau en carton;UCGRSD04080;Re-Usable Calendar guide for Peel & Stick Calendar Cardboard Desktop 20X10 (8x4);;1,18;3,00;1;;;;;;;;;;;;;;;;;;;;;;;;;;;;;17/11/2025 21:30;17/11/2025 21:30
77;Peel & Stick Calendar Home;Calendrier Photo Autocollant pour la maison;UCHDR0608**;Peel & Stick Calendar Home 15X20 (6X8) consumer packaging;;23,21;67,00;10;;;;;;;;;;;;;;;;;;;;;;;;;;;;;17/11/2025 21:30;17/11/2025 21:30
78;Peel & Stick Calendar Home;Calendrier Photo Autocollant pour la maison;UCHDR081200;Peel & Stick Calendar Home 20x30 (8X12) bulk packaging;;3,17;9,00;sur demande;;;;;;;;;;;;;;;;;;;;;;;;;;;;;17/11/2025 21:30;17/11/2025 21:30
79;Peel & Stick Calendar Home;Calendrier Photo Autocollant pour la maison;UCHDR060800;Peel & Stick Calendar Home 15x20 (6X8) Calendar and Guide - bulk packaging;;87,03;305,00;50;;;;;;;;;;;;;;;;;;;;;;;;;;;;;17/11/2025 21:30;17/11/2025 21:30
80;Peel & Stick Calendar Pro - Wall Model;Calendrier Photo autocollant professionnel;UCPRB06XX08;Peel & Stick Calendar Pro 15X20 (6X8) bulk packaging;;143,71;414,00;60;;;;;;;;;;;;;;;;;;;;;;;;;;;;;17/11/2025 21:30;17/11/2025 21:30
81;Peel & Stick Calendar Pro - Wall Model;Calendrier Photo autocollant professionnel;UCPRB08XX10;Peel & Stick Calendar Pro 20X25 (8X10) bulk packaging;;146,38;424,00;80;;;;;;;;;;;;;;;;;;;;;;;;;;;;;17/11/2025 21:30;17/11/2025 21:30
82;Peel & Stick Calendar Pro - Wall Model;Calendrier Photo autocollant professionnel;UCPRS06XX08;Peel & Stick Calendar Pro 15X20 (6X8) sleeve packaging;;15,89;46,00;10;;;;;;;;;;;;;;;;;;;;;;;;;;;;;17/11/2025 21:30;17/11/2025 21:30
83;Peel & Stick Calendar Pro - Wall Model;Calendrier Photo autocollant professionnel;UCPRS08XX10;Peel & Stick Calendar Pro 20X25 (8X10) sleeve packaging;;16,25;47,00;10;;;;;;;;;;;;;;;;;;;;;;;;;;;;;17/11/2025 21:30;17/11/2025 21:30
84;Peel & Stick Calendar Pro - Wall Model;Calendrier Photo autocollant professionnel;UCGRS000000;Re-usable Calendar Guide for Peel & Stick Calendar Pro 15X20 CM AND 20X25 CM;;6,14;18,00;1;;;;;;;;;;;;;;;;;;;;;;;;;;;;;17/11/2025 21:30;17/11/2025 21:30
85;Wood Hanger;Porte affiche en bois;REWOHA8;Wood Hanger 8”;;1,93;4,00;1;;;;;;;;;;;;;;;;;;;;;;;;;;;;;17/11/2025 21:30;17/11/2025 21:30
86;Wood Hanger;Porte affiche en bois;WUSWLG00044;One Hole Puncher;;3,70;11,00;1;;;;;;;;;;;;;;;;;;;;;;;;;;;;;17/11/2025 21:30;17/11/2025 21:30
87;Slide-In Calendar 8” x 10”;Calendrier Glissant;UCSLI08XX10;Slide In Calendar 20x25 (8” x 10”) incl stand;;;;10;;;;;;;;;;;;;;;;;;;;;;;;;;;;;17/11/2025 21:30;17/11/2025 21:30
88;Certificate Holder;Présenter certificat;2522TA400BA;Certificate Holder A4 Black;;23,64;68,00;10;;;Black;;;;;;;;;;;;;;;;;;;;;;;;;;17/11/2025 21:30;17/11/2025 21:30
89;Certificate Holder;Présenter certificat;2522TA400AL;Certificate Holder A4 Aluminium;;29,40;85,00;10;;;Aluminium;;;;;;;;;;;;;;;;;;;;;;;;;;17/11/2025 21:30;17/11/2025 21:30
90;Certificate Holder;Présenter certificat;2522TA400WP;Certificate Holder A4 White Pearl;;27,64;91,00;10;;;White Pearl;;;;;;;;;;;;;;;;;;;;;;;;;;17/11/2025 21:30;17/11/2025 21:30
91;Certificate Holder;Présenter certificat;2522TA400WS;Certificate Holder A4 White Soft Touch;;25,05;72,00;10;;;White Soft Touch;;;;;;;;;;;;;;;;;;;;;;;;;;17/11/2025 21:30;17/11/2025 21:30
92;Certificate Holder;Présenter certificat;2522TA401FD;Certificate Holder Deluxe A4 Black Leather;;46,57;135,00;6;;;Black Leather;;;;;;;;;;;;;;;;;;;;;;;;;;17/11/2025 21:30;17/11/2025 21:30
93;Certificate Holder;Présenter certificat;2522TA402NEC;Certificate Holder A4 Napura Eco Cumin (Without corners & pockets) ;;;;10;;;Napura Eco Cumin;;;;;;;;;;;;;;;;;;;;;;;;;;17/11/2025 21:30;17/11/2025 21:30
94;PortFolio A4;PortFolio A4;MB000A415AL;PortFolio A4 15 mm Aluminium;;157,27;304,00;43;;;Aluminium;;;;;;;;;;;;;;;;;;;;;;;;;;17/11/2025 21:30;17/11/2025 21:30
95;PortFolio A4;PortFolio A4;MB000A415WP;PortFolio A4 15 mm White Pearl ;;148,16;304,00;43;;;White Pearl;;;;;;;;;;;;;;;;;;;;;;;;;;17/11/2025 21:30;17/11/2025 21:30
96;PortFolio A4;PortFolio A4;MB000A430AL;PortFolio A4 30 mm Aluminium;;107,02;207,00;28;;;Aluminium;;;;;;;;;;;;;;;;;;;;;;;;;;17/11/2025 21:30;17/11/2025 21:30
97;PortFolio A4;PortFolio A4;MB000A430WP;PortFolio A4 30 mm White Pearl;;101,75;207,00;28;;;White Pearl;;;;;;;;;;;;;;;;;;;;;;;;;;17/11/2025 21:30;17/11/2025 21:30
98;DuoBinder A4;Double reliure;R2B00115BAL;DuoBinder A4 Aluminium-2RINGS 25 mm-CLIP 15 mm;;143,24;249,00;30;;;Aluminium;;;;;;;;;;;;;;;;;;;;;;;;;;17/11/2025 21:30;17/11/2025 21:30
99;Crystal Flex Cover;Couverture souple effet cristal;17280A415**;Crystal Flex Cover A4 Portrait 15;;59,51;184,00;110;;;Black;;Bordo;;Dark Blue;;Azur;;Quartz;;Aluminium;;White;;Dark Green;;Red;;;;;;;;;;17/11/2025 21:30;17/11/2025 21:30
100;Crystal Flex Cover;Couverture souple effet cristal;17280A440**;Crystal Flex Cover A4 Portrait 40;;51,93;166,00;96;;;Black;;Bordo;;Dark Blue;;Azur;;Quartz;;Aluminium;;White;;Dark Green;;Red;;;;;;;;;;17/11/2025 21:30;17/11/2025 21:30
101;Crystal Flex Cover;Couverture souple effet cristal;17280A460**;Crystal Flex Cover A4 Portrait 60;;50,71;158,00;88;;;Black;;Bordo;;Dark Blue;;Azur;;Quartz;;Aluminium;;White;;Dark Green;;Red;;;;;;;;;;17/11/2025 21:30;17/11/2025 21:30
102;Crystal Flex Cover;Couverture souple effet cristal;17280A480**;Crystal Flex Cover A4 Portrait 80;;41,49;134,00;72;;;Black;;Bordo;;Dark Blue;;Azur;;Quartz;;Aluminium;;White;;Dark Green;;Red;;;;;;;;;;17/11/2025 21:30;17/11/2025 21:30
103;Crystal Flex Cover;Couverture souple effet cristal;17280A410**;Crystal Flex Cover A4 Portrait 100;;41,14;127,00;66;;;Black;;Bordo;;Dark Blue;;Azur;;Quartz;;Aluminium;;White;;Dark Green;;Red;;;;;;;;;;17/11/2025 21:30;17/11/2025 21:30
104;Crystal Flex Cover;Couverture souple effet cristal;17280A412**;Crystal Flex Cover A4 Portrait 120;;37,40;119,00;60;;;Black;;Bordo;;Dark Blue;;Azur;;Quartz;;Aluminium;;White;;Dark Green;;Red;;;;;;;;;;17/11/2025 21:30;17/11/2025 21:30
105;Crystal Flex Cover;Couverture souple effet cristal;17280A416**;Crystal Flex Cover A4 Portrait 160;;30,53;91,00;44;;;Black;;Bordo;;Dark Blue;;Azur;;Quartz;;Aluminium;;White;;Dark Green;;Red;;;;;;;;;;17/11/2025 21:30;17/11/2025 21:30
106;Crystal Flex Cover;Couverture souple effet cristal;17280A422**;Crystal Flex Cover A4 Portrait 220;;33,33;102,00;48;;;Black;;Bordo;;Dark Blue;;Azur;;Quartz;;Aluminium;;White;;Dark Green;;Red;;;;;;;;;;17/11/2025 21:30;17/11/2025 21:30
107;Crystal Flex Cover;Couverture souple effet cristal;17280A434**;Crystal Flex Cover A4 Portrait 340;;18,35;54,00;24;;;Black;;Bordo;;Dark Blue;;Azur;;Quartz;;Aluminium;;White;;Dark Green;;Red;;;;;;;;;;17/11/2025 21:30;17/11/2025 21:30
108;Mat Flex Cover;Couverture souple Mat;17284A415**;Mat Flex Cover A4 Portrait 15;;60,80;184,00;110;;;Black;;Bordo;;Dark Blue;;Azur;;Quartz;;Aluminium;;White;;Dark Green;;Red;;;;;;;;;;17/11/2025 21:30;17/11/2025 21:30
109;Mat Flex Cover;Couverture souple Mat;17284A440**;Mat Flex Cover A4 Portrait 40;;53,06;166,00;96;;;Black;;Bordo;;Dark Blue;;Azur;;Quartz;;Aluminium;;White;;Dark Green;;Red;;;;;;;;;;17/11/2025 21:30;17/11/2025 21:30
110;Mat Flex Cover;Couverture souple Mat;17284A460**;Mat Flex Cover A4 Portrait 60;;52,78;158,00;88;;;Black;;Bordo;;Dark Blue;;Azur;;Quartz;;Aluminium;;White;;Dark Green;;Red;;;;;;;;;;17/11/2025 21:30;17/11/2025 21:30
111;Mat Flex Cover;Couverture souple Mat;17284A480**;Mat Flex Cover A4 Portrait 80;;43,18;134,00;72;;;Black;;Bordo;;Dark Blue;;Azur;;Quartz;;Aluminium;;White;;Dark Green;;Red;;;;;;;;;;17/11/2025 21:30;17/11/2025 21:30
112;Mat Flex Cover;Couverture souple Mat;17284A410**;Mat Flex Cover A4 Portrait 100;;41,91;127,00;66;;;Black;;Bordo;;Dark Blue;;Azur;;Quartz;;Aluminium;;White;;Dark Green;;Red;;;;;;;;;;17/11/2025 21:30;17/11/2025 21:30
113;Mat Flex Cover;Couverture souple Mat;17284A412**;Mat Flex Cover A4 Portrait 120;;38,10;119,00;60;;;Black;;Bordo;;Dark Blue;;Azur;;Quartz;;Aluminium;;White;;Dark Green;;Red;;;;;;;;;;17/11/2025 21:30;17/11/2025 21:30
114;Mat Flex Cover;Couverture souple Mat;17284A416**;Mat Flex Cover A4 Portrait 160;;31,56;91,00;44;;;Black;;Bordo;;Dark Blue;;Azur;;Quartz;;Aluminium;;White;;Dark Green;;Red;;;;;;;;;;17/11/2025 21:30;17/11/2025 21:30
115;Mat Flex Cover;Couverture souple Mat;17284A422**;Mat Flex Cover A4 Portrait 220;;34,43;102,00;48;;;Black;;Bordo;;Dark Blue;;Azur;;Quartz;;Aluminium;;White;;Dark Green;;Red;;;;;;;;;;17/11/2025 21:30;17/11/2025 21:30
116;Mat Flex Cover;Couverture souple Mat;17284A434**;Mat Flex Cover A4 Portrait 340;;18,63;54,00;24;;;Black;;Bordo;;Dark Blue;;Azur;;Quartz;;Aluminium;;White;;Dark Green;;Red;;;;;;;;;;17/11/2025 21:30;17/11/2025 21:30
117;LAY-FLAT FLEX COVERS;Couverture souple plate;PRICOFA4P402WH;Print Cover A4 Portrait spine 40 - 2 fold for FlexCover;;55,65;160,00;50;;;Black;;White Soft Touch;;Dark Blue;;Full colour;;;;;;;;;;;;;;;;;;;;17/11/2025 21:30;17/11/2025 21:30
118;LAY-FLAT FLEX COVERS;Couverture souple plate;PRICOFA4P404WH;Print Cover A4 Portrait spine 40 - 4 fold for FlexCover;;95,03;272,00;50;;;Black;;White Soft Touch;;Dark Blue;;Full colour;;;;;;;;;;;;;;;;;;;;17/11/2025 21:30;17/11/2025 21:30
119;LAY-FLAT FLEX COVERS;Couverture souple plate;PRICOHA4P40WH;Print Cover A4 Portrait spine 40 for HardCover;;64,58;185,00;50;;;Black;;White Soft Touch;;Dark Blue;;Full colour;;;;;;;;;;;;;;;;;;;;17/11/2025 21:30;17/11/2025 21:30
120;Thermal Hard Cover Kashmir Touch;Couverture dure thermique touché Kashmir;MPNTEA410***;Thermal Hard Cover Textile A4 Portrait, Kashmir Touch, Spine 100;;32,93;94,00;10;;;Blossom;;Charcoal;;Lime;;Oyster;;Red;;Silver;;Turquoise;;Ultra-marine;;Naranja;;Marron;;;;;;;;17/11/2025 21:30;17/11/2025 21:30
121;Thermal Hard Cover Kashmir Touch;Couverture dure thermique touché Kashmir;MPNTEA580***;Thermal Hard Cover Textile A5 Portrait, Kashmir Touch, Spine 80;;21,99;63,00;10;;;Blossom;;Charcoal;;Lime;;Oyster;;Red;;Silver;;Turquoise;;Ultra-marine;;Naranja;;Marron;;;;;;;;17/11/2025 21:30;17/11/2025 21:30
122;Thermal Hard Cover A4 Eco;Couverture dure thermique ECO;MPNTEA410NEC;Thermal Hard Cover A4 Portrait, Napura Eco Cumin, Spine 100;;;;10;;;Napura Eco Cumin;;;;;;;;;;;;;;;;;;;;;;;;;;17/11/2025 21:30;17/11/2025 21:30
123;V-Paper;Ramette de Papier;VPAPERPA401;V-Paper A4P 120 GR (papier pour Thermal Hard Cover);;62,09;127,00;2000;;;;;;;;;;;;;;;;;;;;;;;;;;;;;17/11/2025 21:30;17/11/2025 21:30
124;V-Paper;Ramette de Papier;VPAPERPA402;V-Paper A4P 160 GR (papier pour Thermal Hard Cover);;54,33;107,00;1400;;;;;;;;;;;;;;;;;;;;;;;;;;;;;17/11/2025 21:30;17/11/2025 21:30
125;Perfect Meeting;Pochette de réunion;;Perfect Meeting Book A4;;;;;;;Blosson;;Charcoal;;Lime;;Oyster;;Red;;Silver;;Turquoise;;Ultra-marine;;Naranja;;Marron;;Black;;Napura Eco Cumin;;Napura Eco Cumin;;17/11/2025 21:30;17/11/2025 21:30
126;Perfect Meeting;Pochette de réunion;;Perfect Meeting Book A5;;;;;;;Blosson;;Charcoal;;Lime;;Oyster;;Red;;Silver;;Turquoise;;Ultra-marine;;Naranja;;Marron;;Black;;Napura Eco Cumin;;Napura Eco Cumin;;17/11/2025 21:30;17/11/2025 21:30
127;Mono Hard Cover;Couverture rigide simple;CCFARMOBABM;Mono Hard Cover A4P, resin 80, Black, inside Black;;26,58;52,00;10;;;Black;;;;;;;;;;;;;;;;;;;;;;;;;;17/11/2025 21:30;17/11/2025 21:30
128;Mono Hard Cover;Couverture rigide simple;CCFARMOWHBM;Mono Hard Cover A4P, resin 80, White, inside Black;;26,58;52,00;10;;;White;;;;;;;;;;;;;;;;;;;;;;;;;;17/11/2025 21:30;17/11/2025 21:30
129;Mono Hard Cover;Couverture rigide simple;CCFBRMOBABM;Mono Hard Cover A4L, resin 80, Black, inside Black;;25,99;50,00;10;;;Black;;;;;;;;;;;;;;;;;;;;;;;;;;17/11/2025 21:30;17/11/2025 21:30
130;Mono Hard Cover;Couverture rigide simple;CCFBRMOWHBM;Mono Hard Cover A4L, resin 80, White, inside Black;;25,87;50,00;10;;;White;;;;;;;;;;;;;;;;;;;;;;;;;;17/11/2025 21:30;17/11/2025 21:30
131;Peel & Stick Hard Cover;Couverture rifide autocollante;CCFASMOMCBA;Peel & Stick Hard Cover A4P, Resin 80, Mono White, Inside Black;;26,03;68,00;10;;;White;;;;;;;;;;;;;;;;;;;;;;;;;;17/11/2025 21:30;17/11/2025 21:30
132;Peel & Stick Hard Cover;Couverture rifide autocollante;CCFBSMOMCBA;Peel & Stick Hard Cover A4L, Resin 80, Mono White, Inside Black;;25,44;66,00;10;;;White;;;;;;;;;;;;;;;;;;;;;;;;;;17/11/2025 21:30;17/11/2025 21:30
133;Peel & Stick Hard Cover;Couverture rifide autocollante;CCFASMOMEBA;Peel & Stick Hard Cover A4P, Resin 80, Mono Black, Inside Black;;26,93;70,00;10;;;Black;;;;;;;;;;;;;;;;;;;;;;;;;;17/11/2025 21:30;17/11/2025 21:30
134;Peel & Stick Hard Cover;Couverture rifide autocollante;CCFBSMOMEBA;Peel & Stick Hard Cover A4L, Resin 80, Mono Black, Inside Black;;26,33;69,00;10;;;Black;;;;;;;;;;;;;;;;;;;;;;;;;;17/11/2025 21:30;17/11/2025 21:30
135;Duo Hard Cover;couverture rigide double;CCFARDUBABM;Duo Hard Cover A4P, resin 80, Black, inside Black;;27,87;54,00;10;;;Black;;;;;;;;;;;;;;;;;;;;;;;;;;17/11/2025 21:30;17/11/2025 21:30
136;Duo Hard Cover;couverture rigide double;CCFARDUWHBM;Duo Hard Cover A4P, resin 80, White, inside Black;;27,40;53,00;10;;;White;;;;;;;;;;;;;;;;;;;;;;;;;;17/11/2025 21:30;17/11/2025 21:30
137;Duo Hard Cover;couverture rigide double;CCFBRDUBABM;Duo Hard Cover A4L, resin 80, Black, inside Black;;27,52;53,00;10;;;Black;;;;;;;;;;;;;;;;;;;;;;;;;;17/11/2025 21:30;17/11/2025 21:30
138;Duo Hard Cover;couverture rigide double;CCFBRDUWHBM;Duo Hard Cover A4L, resin 80, White, inside Black;;27,05;52,00;10;;;White;;;;;;;;;;;;;;;;;;;;;;;;;;17/11/2025 21:30;17/11/2025 21:30
139;Hard Cover Basic;Couverture rigide pour thermorelieur;C1103230130B;Couvertures pré-encollées - Dos de 80mm - Blanc;10 x 15 cm;;41,00;25;;;White;;;;;;;;;;;;;;;;;;;;;;;;;;17/11/2025 21:30;17/11/2025 21:30
140;Hard Cover Basic;Couverture rigide pour thermorelieur;C1103230030B;Couvertures pré-encollées - Dos de 80mm - Noir;10 x 15 cm;;41,00;25;;;Black;;;;;;;;;;;;;;;;;;;;;;;;;;17/11/2025 21:30;17/11/2025 21:30
141;Hard Cover Basic;Couverture rigide pour thermorelieur;C1103280135B;Couvertures pré-encollées - Dos de 120mm - Blanc;10 x 15 cm;;41,00;25;;;White;;;;;;;;;;;;;;;;;;;;;;;;;;17/11/2025 21:30;17/11/2025 21:30
142;Hard Cover Basic;Couverture rigide pour thermorelieur;C1103280035B;Couvertures pré-encollées - Dos de 120mm - Noir;10 x 15 cm;;41,00;25;;;Black;;;;;;;;;;;;;;;;;;;;;;;;;;17/11/2025 21:30;17/11/2025 21:30
143;Hard Cover Basic ;Couverture rigide pour thermorelieur;C210423C30B;Couvertures pré-encollées - Dos de 80mm - Blanc;20 x 20 cm;;62,00;25;;;White;;;;;;;;;;;;;;;;;;;;;;;;;;17/11/2025 21:30;17/11/2025 21:30
144;Hard Cover Basic;Couverture rigide pour thermorelieur;C210423C30B;Couvertures pré-encollées - Dos de 80mm - Noir;20 x 20 cm;;62,00;25;;;Black;;;;;;;;;;;;;;;;;;;;;;;;;;17/11/2025 21:30;17/11/2025 21:30
145;Hard Cover Basic;Couverture rigide pour thermorelieur;C2104280135B;Couvertures pré-encollées - Dos de 120mm - Blanc;20 x 20 cm;;63,00;25;;;White;;;;;;;;;;;;;;;;;;;;;;;;;;17/11/2025 21:30;17/11/2025 21:30
146;Hard Cover Basic;Couverture rigide pour thermorelieur;C2104280035B;Couvertures pré-encollées - Dos de 120mm - Noir;20 x 20 cm;;63,00;25;;;Black;;;;;;;;;;;;;;;;;;;;;;;;;;17/11/2025 21:30;17/11/2025 21:30
147;Hard Cover Basic;Couverture rigide pour thermorelieur;C3116270130B;Couvertures pré-encollées - Dos de 80mm - Blanc;30 x 30 cm;;101,00;25;;;White;;;;;;;;;;;;;;;;;;;;;;;;;;17/11/2025 21:30;17/11/2025 21:30
148;Hard Cover Basic;Couverture rigide pour thermorelieur;C3116270030B;Couvertures pré-encollées - Dos de 80mm - Noir;30 x 30 cm;;103,02;25;;;Black;;;;;;;;;;;;;;;;;;;;;;;;;;17/11/2025 21:30;17/11/2025 21:30
149;Hard Cover Basic;Couverture rigide pour thermorelieur;C3116320135B;Couvertures pré-encollées - Dos de 120mm - Blanc;30 x 30 cm;;101,00;25;;;White;;;;;;;;;;;;;;;;;;;;;;;;;;17/11/2025 21:30;17/11/2025 21:30
150;Hard Cover Basic;Couverture rigide pour thermorelieur;C3116320035B;Couvertures pré-encollées - Dos de 120mm - Noir;30 x 30 cm;;103,02;25;;;Black;;;;;;;;;;;;;;;;;;;;;;;;;;17/11/2025 21:30;17/11/2025 21:30
151;Hard Cover Basic Clamp Binding;Couverture rigide à clip;WAUSCLA0001;Couvertures pré-encollées - A4 - Portrait - mirroir Black;;66,15;127,00;25;;;;;;;;;;;;;;;;;;;;;;;;;;;;;17/11/2025 21:30;17/11/2025 21:30
152;Hard Cover Basic Clamp Binding;Couverture rigide à clip;WAUSCLA0002;Couvertures pré-encollées - A4 - Paysage - mirroir Black;;63,21;121,00;25;;;;;;;;;;;;;;;;;;;;;;;;;;;;;17/11/2025 21:30;17/11/2025 21:30
153;Hard Cover Basic Clamp Binding;Couverture rigide à clip;WAUSCLA0003;Couvertures pré-encollées - 21 x 21 cm - mirroir Black;;54,10;103,00;25;;;;;;;;;;;;;;;;;;;;;;;;;;;;;17/11/2025 21:30;17/11/2025 21:30
154;Hard Cover Basic Clamp Binding;Couverture rigide à clip;C304330E35B;Couvertures pré-encollées - A4 x 15 cm - mirroir Black;;51,16;98,00;25;;;;;;;;;;;;;;;;;;;;;;;;;;;;;17/11/2025 21:30;17/11/2025 21:30
155;Hard Cover Basic Clamp Binding;Couverture rigide à clip;C156319E35B;Couvertures pré-encollées - 15 x 15 cm - mirroir Black;;39,10;75,00;25;;;;;;;;;;;;;;;;;;;;;;;;;;;;;17/11/2025 21:30;17/11/2025 21:30
156;Hard Cover Basic Ringbinder;Couverture de classeur;C315555B40P;Couvertures pré-encollées pour classeur - Format A4 - Blanc;A4 anneaux 25mm;64,39;96,00;25;;;White;;;;;;;;;;;;;;;;;;;;;;;;;;17/11/2025 21:30;17/11/2025 21:30
157;Hard Cover Basic Ringbinder;Couverture de classeur;C315520B30P;Couvertures pré-encollées pour classeur - Format A4 - Noir;A4 anneaux 15mm;64,39;123,00;25;;;Black;;;;;;;;;;;;;;;;;;;;;;;;;;17/11/2025 21:30;17/11/2025 21:30
158;Hard Cover Basic Ringbinder;Couverture de classeur;C228380B30P;Couvertures pré-encollées pour classeur - Format A5 - Noir;A5 anneaux 15mm;42,34;81,00;25;;;Black;;;;;;;;;;;;;;;;;;;;;;;;;;17/11/2025 21:30;17/11/2025 21:30
159;Vegan Leather Covermaterial for HardCover Basic;Cuir végan pour la couverture rigide de base;RMB0140SUNYEL;Matériel de couverture pour classeur - Vegan leather Sunrise Yellow - 84m²;Yellow for Basic;;;1;Cuir Vegan;;Sunrise Yellow;;;;;;;;;;;;;;;;;;;;;;;;;;17/11/2025 21:30;17/11/2025 21:30
160;Vegan Leather Covermaterial for HardCover Basic;Cuir végan pour la couverture rigide de base;RMB0140REDBROWN;Matériel de couverture pour classeur - Vegan leather Redwood Brown - 84m²;Brown for Basic;;;1;Cuir Vegan;;Redwood Brown;;;;;;;;;;;;;;;;;;;;;;;;;;17/11/2025 21:30;17/11/2025 21:30
161;Vegan Leather Covermaterial for HardCover Basic;Cuir végan pour la couverture rigide de base;RMB0140BEAURED;Matériel de couverture pour classeur - Vegan leather Beaujolais Red - 84m²;Red for Basic;;;1;Cuir Vegan;;Beaujolais Red;;;;;;;;;;;;;;;;;;;;;;;;;;17/11/2025 21:30;17/11/2025 21:30
162;Vegan Leather Covermaterial for HardCover Basic;Cuir végan pour la couverture rigide de base;RMB0140BASGREEN;Matériel de couverture pour classeur - Vegan leather Basil Green - 84m²;Green for Basic;;;1;Cuir Vegan;;Basil Green;;;;;;;;;;;;;;;;;;;;;;;;;;17/11/2025 21:30;17/11/2025 21:30
163;Vegan Leather Covermaterial for HardCover Basic;Cuir végan pour la couverture rigide de base;RMB0140AQUABLUE;Matériel de couverture pour classeur - Vegan leather Aqua Blue - 84m²;Blue for Basic;;;1;Cuir Vegan;;Aqua Blue;;;;;;;;;;;;;;;;;;;;;;;;;;17/11/2025 21:30;17/11/2025 21:30
164;Vegan Leather Covermaterial for HardCover Basic;Cuir végan pour la couverture rigide de base;RMB0140CHNERO;Matériel de couverture pour classeur - Vegan leather Charme Nero - 84m²;Nero for Basic;;;1;Cuir Vegan;;Charme Nero;;;;;;;;;;;;;;;;;;;;;;;;;;17/11/2025 21:30;17/11/2025 21:30
165;Vegan Leather Covermaterial for HardCover Basic;Cuir végan pour la couverture rigide de base;RMBO140STGREY;Matériel de couverture pour classeur - Vegan leather Stone Grey - 84m²;Grey for Basic;;;1;Cuir Vegan;;Stone Grey;;;;;;;;;;;;;;;;;;;;;;;;;;17/11/2025 21:30;17/11/2025 21:30
166;Suede Covermaterial for Hardcover Basic;Daim pour la couverture rigide de base;RMB0140SAHYEL;Matériel de couverture pour classeur - Suede Sahara Yellow - 112m²;Yellow Hardcover;;;1;Kashmir;;Sahara Yellow;;;;;;;;;;;;;;;;;;;;;;;;;;17/11/2025 21:30;17/11/2025 21:30
167;Suede Covermaterial for Hardcover Basic;Daim pour la couverture rigide de base;RMB0140ROSERED;Matériel de couverture pour classeur - Suede Rose Red - 112m²;Red Hardcover;;;1;Kashmir;;Rose Red;;;;;;;;;;;;;;;;;;;;;;;;;;17/11/2025 21:30;17/11/2025 21:30
168;Suede Covermaterial for Hardcover Basic;Daim pour la couverture rigide de base;RMB0140COBBLUE;Matériel de couverture pour classeur - Suede Cobalt Blue- 112m²;Blue Hardcover;;;1;Kashmir;;Cobalt Blue;;;;;;;;;;;;;;;;;;;;;;;;;;17/11/2025 21:30;17/11/2025 21:30
169;Panorama Hard Cover;Couverture rigide Panorama;CCFARPABABM;Panorama Hard Cover A4P, resin 80, Black, inside Black;inside;28,46;55,00;10;;;Black;;;;;;;;;;;;;;;;;;;;;;;;;;17/11/2025 21:30;17/11/2025 21:30
170;Panorama Hard Cover;Couverture rigide Panorama;CCFARPAWHBM;Panorama Hard Cover A4P, resin 80, White, inside Black;inside;27,87;54,00;10;;;White;;;;;;;;;;;;;;;;;;;;;;;;;;17/11/2025 21:30;17/11/2025 21:30
171;Panorama Hard Cover;Couverture rigide Panorama;CCFBRPABABM;Panorama Hard Cover A4L, resin 80, Black, inside Black;inside;28,81;56,00;10;;;Black;;;;;;;;;;;;;;;;;;;;;;;;;;17/11/2025 21:30;17/11/2025 21:30
172;Panorama Hard Cover;Couverture rigide Panorama;CCFBRPAWHBM;Panorama Hard Cover A4L, resin 80, White, inside Black;inside;27,05;52,00;10;;;White;;;;;;;;;;;;;;;;;;;;;;;;;;17/11/2025 21:30;17/11/2025 21:30
173;Hard Cover Basic A4 Portrait;Couverture Rigide A4 Portrait;C3044390130B;Couvertures pré-encollées pour Panorama - Dos de 80mm - Blanc;A4 Portrait dos 80mm;;78,00;25;;;White;;;;;;;;;;;;;;;;;;;;;;;;;;17/11/2025 21:30;17/11/2025 21:30
174;Hard Cover Basic A4 Portrait;Couverture Rigide A4 Portrait;C3044390030B;Couvertures pré-encollées pour Panorama - Dos de 80mm - Noir;A4 Portrait dos 80mm;;79,04;25;;;Black;;;;;;;;;;;;;;;;;;;;;;;;;;17/11/2025 21:30;17/11/2025 21:30
175;Hard Cover Basic A4 Portrait;Couverture Rigide A4 Portrait;C3044440135B;Couvertures pré-encollées pour Panorama - Dos de 120mm - Blanc;A4 Portrait dos 120mm;;79,00;25;;;White;;;;;;;;;;;;;;;;;;;;;;;;;;17/11/2025 21:30;17/11/2025 21:30
176;Hard Cover Basic A4 Portrait;Couverture Rigide A4 Portrait;C3044440035B;Couvertures pré-encollées pour Panorama - Dos de 120mm - Noir;A4 Portrait dos 120mm;;79,04;25;;;Black;;;;;;;;;;;;;;;;;;;;;;;;;;17/11/2025 21:30;17/11/2025 21:30
177;Hard Cover Basic A4 Paysage;Couverture Rigide A4 Paysage;C2176130130B;Couvertures pré-encollées pour Panorama - Dos de 80mm - Blanc;A4 Paysage dos 80mm;;76,00;25;;;White;;;;;;;;;;;;;;;;;;;;;;;;;;17/11/2025 21:30;17/11/2025 21:30
178;Hard Cover Basic A4 Paysage;Couverture Rigide A4 Paysage;C2176130030B;Couvertures pré-encollées pour Panorama - Dos de 80mm - Noir;A4 Paysage dos 80mm;;77,01;25;;;Black;;;;;;;;;;;;;;;;;;;;;;;;;;17/11/2025 21:30;17/11/2025 21:30
179;Hard Cover Basic A4 Paysage;Couverture Rigide A4 Paysage;C2176180135B;Couvertures pré-encollées pour Panorama - Dos de 120mm - Blanc;A4 Paysage dos 120mm;;78,00;25;;;White;;;;;;;;;;;;;;;;;;;;;;;;;;17/11/2025 21:30;17/11/2025 21:30
180;Hard Cover Basic A4 Paysage;Couverture Rigide A4 Paysage;C2176180035B;Couvertures pré-encollées pour Panorama - Dos de 120mm - Noir;A4 Paysage dos 120mm;;79,04;25;;;Black;;;;;;;;;;;;;;;;;;;;;;;;;;17/11/2025 21:30;17/11/2025 21:30
181;Hard Cover Basic A5 Portrait;Couverture Rigide A5 Portrait;C2173150130B;Couvertures pré-encollées pour Panorama - Dos de 80mm - Blanc;A5 Portrait dos 80mm;;54,00;25;;;White;;;;;;;;;;;;;;;;;;;;;;;;;;17/11/2025 21:30;17/11/2025 21:30
182;Hard Cover Basic A5 Portrait;Couverture Rigide A5 Portrait;C2173150030B;Couvertures pré-encollées pour Panorama - Dos de 80mm - Noir;A5 Portrait dos 80mm;;56,16;25;;;Black;;;;;;;;;;;;;;;;;;;;;;;;;;17/11/2025 21:30;17/11/2025 21:30
183;Hard Cover Basic A5 Portrait;Couverture Rigide A5 Portrait;C2173200135B;Couvertures pré-encollées pour Panorama - Dos de 120mm - Blanc;A5 Portrait dos 120mm;;55,00;25;;;White;;;;;;;;;;;;;;;;;;;;;;;;;;17/11/2025 21:30;17/11/2025 21:30
184;Hard Cover Basic A5 Portrait;Couverture Rigide A5 Portrait;C2173200035B;Couvertures pré-encollées pour Panorama - Dos de 120mm - Noir;A5 Portrait dos 120mm;;57,20;25;;;Black;;;;;;;;;;;;;;;;;;;;;;;;;;17/11/2025 21:30;17/11/2025 21:30
185;Hard Cover Basic A5 Paysage;Couverture Rigide A5 Paysage;C1554390130B;Couvertures pré-encollées pour Panorama - Dos de 80mm - Blanc;A5 Paysage dos 80mm;;52,00;25;;;White;;;;;;;;;;;;;;;;;;;;;;;;;;17/11/2025 21:30;17/11/2025 21:30
186;Hard Cover Basic A5 Paysage;Couverture Rigide A5 Paysage;C1554390030B;Couvertures pré-encollées pour Panorama - Dos de 80mm - Noir;A5 Paysage dos 80mm;;54,08;25;;;Black;;;;;;;;;;;;;;;;;;;;;;;;;;17/11/2025 21:30;17/11/2025 21:30
187;Hard Cover Basic A5 Paysage;Couverture Rigide A5 Paysage;C1554440135B;Couvertures pré-encollées pour Panorama - Dos de 120mm - Blanc;A5 Paysage dos 120mm;;53,00;25;;;White;;;;;;;;;;;;;;;;;;;;;;;;;;17/11/2025 21:30;17/11/2025 21:30
188;Hard Cover Basic A5 Paysage;Couverture Rigide A5 Paysage;C1554440035B;Couvertures pré-encollées pour Panorama - Dos de 120mm - Noir;A5 Paysage dos 120mm;;55,12;25;;;;;;;;;;;;;;;;;;;;;;;;;;;;;17/11/2025 21:30;17/11/2025 21:30
189;Hard Cover Basic Lettersize Portrait ;Hard Cover Basic Lettersize Portrait ;C286450E30B;Hard Cover Basic LETTERSIZE PORTRAIT 80 resin incl Black mirrors;Black Lettersize;39,40;76,00;25;;;;;;;;;;;;;;;;;;;;;;;;;;;;;17/11/2025 21:30;17/11/2025 21:30
190;Soft Cover A4;Couverture souple A4;17382A415WS;Soft Cover A4 Portrait 15 White Soft Touch;Soft;39,51;113,00;40;;;White;;;;;;;;;;;;;;;;;;;;;;;;;;17/11/2025 21:30;17/11/2025 21:30
191;Soft Cover A4;Couverture souple A4;17382A440WS;Soft Cover A4 Portrait 40 White Soft Touch;Soft;39,51;113,00;40;;;White;;;;;;;;;;;;;;;;;;;;;;;;;;17/11/2025 21:30;17/11/2025 21:30
192;Soft Cover A4;Couverture souple A4;17382A460WS;Soft Cover A4 Portrait 60 White Soft Touch;Soft;39,51;113,00;40;;;White;;;;;;;;;;;;;;;;;;;;;;;;;;17/11/2025 21:30;17/11/2025 21:30
193;Soft Cover A4;Couverture souple A4;17382A480WS;Soft Cover A4 Portrait 80 White Soft Touch;Soft;39,51;113,00;40;;;White;;;;;;;;;;;;;;;;;;;;;;;;;;17/11/2025 21:30;17/11/2025 21:30
194;Pocket Folder Plus;Dossier de poche;17385A44OWS;Pocket Folder Plus A4 Portrait 40 White Soft Touch;Soft;;;40;;;White;;;;;;;;;;;;;;;;;;;;;;;;;;17/11/2025 21:30;17/11/2025 21:30
195;Print-In Plates with round corners for A4 Printer ;Plaques à imprimer avec angles arrondis;PRIPL2530WH;Print-In Plate uv-resistant 2.5x3 cm (0,98”x1,18”) White;18 with corners A;32,55;93,00;50;;;White;;;;;;;;;;;;;;;;;;;;;;;;;;17/11/2025 21:30;17/11/2025 21:30
196;Print-In Plates with round corners for A4 Printer ;Plaques à imprimer avec angles arrondis;PRIPL4555WHD;Print-In Plate uv-resistant 4,5x5,5 cm (1,77”x2,17”) White, Double sided with hole;with with corners A;;;50;;;White;;;;;;;;;;;;;;;;;;;;;;;;;;17/11/2025 21:30;17/11/2025 21:30
197;Print-In Plates with round corners for A4 Printer ;Plaques à imprimer avec angles arrondis;PRIPL054086WH;Print-In Plate uv-resistant 5,4x8,6 cm (2.12”x3.39”) White;39 with corners A;65,10;187,00;50;;;White;;;;;;;;;;;;;;;;;;;;;;;;;;17/11/2025 21:30;17/11/2025 21:30
198;Print-In Plates with round corners for A4 Printer ;Plaques à imprimer avec angles arrondis;PRIPL054086WHD;Print-In Plate uv-resistant 5,4x8,6 cm (2.12”x3.39”) White Double sided;Double with corners A;;;50;;;White;;;;;;;;;;;;;;;;;;;;;;;;;;17/11/2025 21:30;17/11/2025 21:30
199;Print-In Plates with round corners for A4 Printer ;Plaques à imprimer avec angles arrondis;PRIPL8530WH;Print-In Plate uv-resistant 8,5x3 cm (3.34”x1.18”) White;18 with corners A;;;50;;;White;;;;;;;;;;;;;;;;;;;;;;;;;;17/11/2025 21:30;17/11/2025 21:30
200;Print-In Plates with round corners for A4 Printer ;Plaques à imprimer avec angles arrondis;PRIPL128179WH;Print-In Plate uv-resistant 12,8x17,9 cm (5”x7”) White;x7 with corners A;;;50;;;White;;;;;;;;;;;;;;;;;;;;;;;;;;17/11/2025 21:30;17/11/2025 21:30
201;Print-In Plates with round corners for A4 Printer ;Plaques à imprimer avec angles arrondis;PRIPL146130WH;Print-In Plate uv-resistant 14,6x13 cm (5.75”x.12”) White;12 with corners A;;;50;;;White;;;;;;;;;;;;;;;;;;;;;;;;;;17/11/2025 21:30;17/11/2025 21:30
202;Print-In Plates with round corners for A4 Printer ;Plaques à imprimer avec angles arrondis;PRIPL15050WH;Print-In Plate uv-resistant 15x5 cm (5,91”x1,97”) White;97 with corners A;;;50;;;White;;;;;;;;;;;;;;;;;;;;;;;;;;17/11/2025 21:30;17/11/2025 21:30
203;Print-In Plates with round corners for A4 Printer ;Plaques à imprimer avec angles arrondis;PRIPL15065WH;Print-In Plate uv-resistant 15x6,5 cm (5,91”x2,55”) White;55 with corners A;;;50;;;White;;;;;;;;;;;;;;;;;;;;;;;;;;17/11/2025 21:30;17/11/2025 21:30
204;Print-In Plates with round corners for A4 Printer ;Plaques à imprimer avec angles arrondis;PRIPL15085WH;Print-In Plate uv-resistant 15x8,5 cm (5,91”x3,34”) White;34 with corners A;;;50;;;White;;;;;;;;;;;;;;;;;;;;;;;;;;17/11/2025 21:30;17/11/2025 21:30
205;Print-In Plates with round corners for A4 Printer ;Plaques à imprimer avec angles arrondis;PRIPL150200WH;Print-In Plate uv-resistant 15x20 cm (5,91”x8”) White;x8 with corners A;;;50;;;White;;;;;;;;;;;;;;;;;;;;;;;;;;17/11/2025 21:30;17/11/2025 21:30
206;Print-In Plates with round corners for A4 Printer ;Plaques à imprimer avec angles arrondis;PRIPL100150WH;Print-In Plate uv-resistant 10x15 cm (3,94”x5,91”) White;91 with corners A;;;50;;;White;;;;;;;;;;;;;;;;;;;;;;;;;;17/11/2025 21:30;17/11/2025 21:30
207;Print-In Plates with round corners for A4 Printer ;Plaques à imprimer avec angles arrondis;PRIPLH100150WH;Print-In Plate uv-resistant 10x15 cm (3,94”x5,91”) White + holes;White with corners A;;;50;;;White;;;;;;;;;;;;;;;;;;;;;;;;;;17/11/2025 21:30;17/11/2025 21:30
208;Print-In Plates with round corners for A4 Printer ;Plaques à imprimer avec angles arrondis;PRIPL19035WH;Print-In Plate uv-resistant 19x3,5 cm (7,48”x1,38”) White;38 with corners A;;;50;;;White;;;;;;;;;;;;;;;;;;;;;;;;;;17/11/2025 21:30;17/11/2025 21:30
209;Print-In Plates with round corners for A4 Printer ;Plaques à imprimer avec angles arrondis;PRIPL19595WH;Print-In Plate uv-resistant 19,5x9,5 cm (7,68”x3,74”) White;74 with corners A;;;50;;;White;;;;;;;;;;;;;;;;;;;;;;;;;;17/11/2025 21:30;17/11/2025 21:30
210;Print-In Plates with round corners for A4 Printer ;Plaques à imprimer avec angles arrondis;PRIPL21065WH;Print-In Plate uv-resistant 21x6,5 cm (8,27”x2,55”) White;55 with corners A;;;50;;;White;;;;;;;;;;;;;;;;;;;;;;;;;;17/11/2025 21:30;17/11/2025 21:30
211;Print-In Plates with round corners for A4 Printer ;Plaques à imprimer avec angles arrondis;PRIPL210148WH;Print-In Plate uv-resistant 21x14,85 cm (8,27”x5,85”) A5 White;A5 with corners A;;;50;;;White;;;;;;;;;;;;;;;;;;;;;;;;;;17/11/2025 21:30;17/11/2025 21:30
212;Print-In Plates with round corners for A4 Printer ;Plaques à imprimer avec angles arrondis;PRIPL27065WH;Print-In Plate uv-resistant 27x6,5 cm (10,63”x2,55”) White;55 with corners A;;;50;;;White;;;;;;;;;;;;;;;;;;;;;;;;;;17/11/2025 21:30;17/11/2025 21:30
213;Print-In Plates with round corners for A4 Printer ;Plaques à imprimer avec angles arrondis;PRIPL80100REWH;Print-In Plate uv-resistant Photo rectangular White 8x10 cm (3,15”x3,94”);x3 with corners A;;;50;;;White;;;;;;;;;;;;;;;;;;;;;;;;;;17/11/2025 21:30;17/11/2025 21:30
214;Print-In Plates with round corners for A4 Printer ;Plaques à imprimer avec angles arrondis;PRIPL90120REWH;Print-In Plate uv-resistant Photo rectangular White 9x12 cm (3,54”x4,72”);x4 with corners A;;;50;;;White;;;;;;;;;;;;;;;;;;;;;;;;;;17/11/2025 21:30;17/11/2025 21:30
215;Framed Magnet;Magnet;PRUNIMAG4x4;Framed Magnet 10x10cm (4x4) kit, includes front, back and acrylic;and;;;25;;;;;;;;;;;;;;;;;;;;;;;;;;;;;17/11/2025 21:30;17/11/2025 21:30
216;Framed Magnet;Magnet;PRUNIMAG4x6;Framed Magnet 10x15cm (4x6) kit, includes front, back and acrylic;and;;;25;;;;;;;;;;;;;;;;;;;;;;;;;;;;;17/11/2025 21:30;17/11/2025 21:30
217;Bamboo Collection;Magnet Bamboo;PRUNIMAG44BB;Bamboo Magnet, 10x10cm (4x4), P&S;4x4;;;25;;;;;;;;;;;;;;;;;;;;;;;;;;;;;17/11/2025 21:30;17/11/2025 21:30
218;Bamboo Collection;Magnet Bamboo;PRUNIMAG46BB;Bamboo Magnet, 10x15cm (4x6), P&S;4x6;;;25;;;;;;;;;;;;;;;;;;;;;;;;;;;;;17/11/2025 21:30;17/11/2025 21:30
219;Bamboo Collection Photo;Panneau Photo Bamboo;CCWPAN4X6BB;PhotoPanel Bamboo Wood, 10x15 cm (4”x6”), 28mm, P&S;28mm;;;10;;;;;;;;;;;;;;;;;;;;;;;;;;;;;17/11/2025 21:30;17/11/2025 21:30
220;Bamboo Collection Photo;Panneau Photo Bamboo;CCWPAN810BB;PhotoPanel Bamboo Wood, 20x25 cm (8”x10”), 28mm, P&S;28mm;;;10;;;;;;;;;;;;;;;;;;;;;;;;;;;;;17/11/2025 21:30;17/11/2025 21:30
221;Bamboo Collection Acrylique;Panneau Photo Bamboo et Acrylique;CCWPAN46BBMC;PhotoPanel Bamboo Wood, 10x15 cm (4”x6”), 15/25mm + Acrylic 10mm with magnetic closure;magnetic;;;10;;;;;;;;;;;;;;;;;;;;;;;;;;;;;17/11/2025 21:30;17/11/2025 21:30
222;Bamboo Collection Acrylique;Panneau Photo Bamboo et Acrylique;CCWPAN810AC;PhotoPanel Bamboo Wood, 20x25 cm (8”x10”), 15mm + Acrylic Sheet with silver pins;silver;;;10;;;;;;;;;;;;;;;;;;;;;;;;;;;;;17/11/2025 21:30;17/11/2025 21:30
223;Acrylic Panel;Panneau Acrylique;WUSACRP0406;Acrylic Panel 10x15 cm (4”X6”) Landscape;X6;;;12;;;;;;;;;;;;;;;;;;;;;;;;;;;;;17/11/2025 21:30;17/11/2025 21:30
224;Acrylic Panel;Panneau Acrylique;WUSACRP0608;Acrylic Panel 15x20 cm (6”X8”) Landscape;X8;;;6;;;;;;;;;;;;;;;;;;;;;;;;;;;;;17/11/2025 21:30;17/11/2025 21:30
225;Acrylic Panel;Panneau Acrylique;WUSACRP0A4P;Acrylic Panel A4 Portrait;A4;;;6;;;;;;;;;;;;;;;;;;;;;;;;;;;;;17/11/2025 21:30;17/11/2025 21:30
226;Acrylic Panel;Panneau Acrylique;WUSACRP0A5P;Acrylic Panel A5 Portrait;A5;;;6;;;;;;;;;;;;;;;;;;;;;;;;;;;;;17/11/2025 21:30;17/11/2025 21:30
227;Peel & Stick Panel;Panneau autocollant;CCUP0PSA401;Peel & Stick Single PanelA4;Single Panel;;;30;;;;;;;;;;;;;;;;;;;;;;;;;;;;;17/11/2025 21:30;17/11/2025 21:30
228;Peel & Stick Panel;Panneau autocollant;CCUP0PSA402;Peel & Stick Double Panel A4;Panel Panel;;;20;;;;;;;;;;;;;;;;;;;;;;;;;;;;;17/11/2025 21:30;17/11/2025 21:30
229;Peel & Stick Panel;Panneau autocollant;CCUPHOLA400;Cardboard Foot - display A4 size;A4 Panel;;;25;;;;;;;;;;;;;;;;;;;;;;;;;;;;;17/11/2025 21:30;17/11/2025 21:30
230;Hard Cover Basic Display;Feuille à imprimer;C210297B00D;Feuille à imprimer format A4;format Display;;52,00;25;;;;;;;;;;;;;;;;;;;;;;;;;;;;;17/11/2025 21:30;17/11/2025 21:30
231;Hard Cover Basic Display;Feuille à imprimer;C297420B00D;Feuille à imprimer format A3;format Display;;76,00;25;;;;;;;;;;;;;;;;;;;;;;;;;;;;;17/11/2025 21:30;17/11/2025 21:30
232;Hard Cover Basic Display;Feuille à imprimer;CCUPHOLA400;Support acrylique pour A4;pour Display;;19,00;25;;;;;;;;;;;;;;;;;;;;;;;;;;;;;17/11/2025 21:30;17/11/2025 21:30
233;Hard Cover Basic Display;Feuille à imprimer;CCUPHOLA300;Support acryliquepour A3;acryliquepour Display;;26,00;25;;;;;;;;;;;;;;;;;;;;;;;;;;;;;17/11/2025 21:30;17/11/2025 21:30
234;Peel & stick Wood Panel;Panneau de bois autocollant;CCWOODPS5X7;Peel & Stick Wood Panel 5x7 single sided Black 15mm (including stand);including Wood;;;10;;;;;;;;;;;;;;;;;;;;;;;;;;;;;17/11/2025 21:30;17/11/2025 21:30
235;Peel & stick Wood Panel;Panneau de bois autocollant;CCWOODPS810;Peel & Stick Wood Panel 8x10 single sided Black 15mm (including stand);including Wood;;;10;;;;;;;;;;;;;;;;;;;;;;;;;;;;;17/11/2025 21:30;17/11/2025 21:30
236;Peel & stick Wood Panel;Panneau de bois autocollant;CCWOODPSOAK810;Peel & Stick Oak Panel 8x10 single sided oak 15mm (including stand);including Wood;;;10;;;;;;;;;;;;;;;;;;;;;;;;;;;;;17/11/2025 21:30;17/11/2025 21:30
237;Resin Wood Panel;Panneau en bois de résine;CCWOODFA401;Resin Wood Panel A4;Panel;;;10;;;;;;;;;;;;;;;;;;;;;;;;;;;;;17/11/2025 21:30;17/11/2025 21:30
238;Peel & stick Light Panel;Panneau autocollant;CCWPAN4X6V1;Peel & Stick Light Panel 10x15cm (4x6), Single Sided Peel and Stick Adhesive;Stick Light;;;10;;;;;;;;;;;;;;;;;;;;;;;;;;;;;17/11/2025 21:30;17/11/2025 21:30
239;Peel & stick Light Panel;Panneau autocollant;CCWPAN6X8V1;Peel & Stick Light Panel 15x20cm (6x8), Single Sided Peel and Stick Adhesive;Stick Light;;;10;;;;;;;;;;;;;;;;;;;;;;;;;;;;;17/11/2025 21:30;17/11/2025 21:30
240;Peel & stick Light Panel;Panneau autocollant;CCWPAN810V1;Peel & Stick Light Panel 20x25cm (8x10), Single Sided Peel and Stick Adhesive;Stick Light;;;10;;;;;;;;;;;;;;;;;;;;;;;;;;;;;17/11/2025 21:30;17/11/2025 21:30
241;Print-In Plates with straight corners for A3 Printer;Plaques imprimables avec angles droits pour imprimante A3;PRIPL297420WH;Print-In Plate uv-resistant 29,7x42 cm (11,7”x16,5”) White;5 with corners A;;;10;;;White;;;;;;;;;;;;;;;;;;;;;;;;;;17/11/2025 21:30;17/11/2025 21:30
242;Print-In Plates with straight corners for A3 Printer;Plaques imprimables avec angles droits pour imprimante A3;PRIPL400600WH;Print-In Plate uv-resistant 40x60 cm (15,75”x23,62”) White;62 with corners A;;;10;;;White;;;;;;;;;;;;;;;;;;;;;;;;;;17/11/2025 21:30;17/11/2025 21:30
243;Print-In Plates with round corners for A3 Printer;Plaques imprimables avec angles arrondi pour imprimante A3;PRIPL287410WH;Print-In Plate uv-resistant 28,7x41 cm (11,3”x16,14” - small A3) White;A3 with corners A;;;10;;;White;;;;;;;;;;;;;;;;;;;;;;;;;;17/11/2025 21:30;17/11/2025 21:30
244;Print-In Plates with round corners for A3 Printer;Plaques imprimables avec angles arrondi pour imprimante A4;PRIPL350350WH;Print-In Plate uv-resistant 35x35 cm (13,78”x13,78”) White;78 with corners A;;;10;;;White;;;;;;;;;;;;;;;;;;;;;;;;;;17/11/2025 21:30;17/11/2025 21:30
245;Print-In Plates with round corners for A3 Printer;Plaques imprimables avec angles arrondi pour imprimante A5;PRIPL40070WH;Print-In Plate uv-resistant 40x7 cm (15,75”x2,76”) White;76 with corners A;;;50;;;White;;;;;;;;;;;;;;;;;;;;;;;;;;17/11/2025 21:30;17/11/2025 21:30
246;Print-In Plates with round corners for A3 Printer;Plaques imprimables avec angles arrondi pour imprimante A6;PRIPL400150WH;Print-In Plate uv-resistant 40x15 cm (15,75”x5,91”) White;91 with corners A;;;10;;;White;;;;;;;;;;;;;;;;;;;;;;;;;;17/11/2025 21:30;17/11/2025 21:30
247;Print-In Plates with straight corners for A4 Printer;Plaques à imprimer avec angles droits pour imprimante A4;PRIPL3060WH;Print-In Plate uv-resistant with straight corners 3x6 cm (1,.8”x2.36”) White;36 with corners A;;;50;;;White;;;;;;;;;;;;;;;;;;;;;;;;;;17/11/2025 21:30;17/11/2025 21:30
248;Print-In Plates with straight corners for A4 Printer;Plaques à imprimer avec angles droits pour imprimante A4;PRIPL30100WH;Print-In Plate uv-resistant with straight corners 3x10 cm (1.18”x3.94”) White;94 with corners A;;;50;;;White;;;;;;;;;;;;;;;;;;;;;;;;;;17/11/2025 21:30;17/11/2025 21:30
249;Print-In Plates with straight corners for A4 Printer;Plaques à imprimer avec angles droits pour imprimante A4;PRIPL40120WH;Print-In Plate uv-resistant with straight corners 4x12 cm (1.57”x4.72”) White;72 with corners A;;;50;;;White;;;;;;;;;;;;;;;;;;;;;;;;;;17/11/2025 21:30;17/11/2025 21:30
250;Print-In Plates with straight corners for A4 Printer;Plaques à imprimer avec angles droits pour imprimante A4;PRIPL40250WH;Print-In Plate uv-resistant with straight corners 4x25 cm (1.57‘x9.8’) White;8 with corners A;;;50;;;White;;;;;;;;;;;;;;;;;;;;;;;;;;17/11/2025 21:30;17/11/2025 21:30
251;Print-In Plates with straight corners for A4 Printer;Plaques à imprimer avec angles droits pour imprimante A4;PRIPL50115WH;Print-In Plate uv-resistant with straight corners 5x11,5 cm (1,97”x4,53”) White;53 with corners A;;;50;;;White;;;;;;;;;;;;;;;;;;;;;;;;;;17/11/2025 21:30;17/11/2025 21:30
252;Print-In Plates with straight corners for A4 Printer;Plaques à imprimer avec angles droits pour imprimante A4;PRIPL65150WH;Print-In Plate uv-resistant with straight corners 6,5x15 cm (2,56”x5,91”) White;91 with corners A;;;50;;;White;;;;;;;;;;;;;;;;;;;;;;;;;;17/11/2025 21:30;17/11/2025 21:30
253;Print-In Plates with straight corners for A4 Printer;Plaques à imprimer avec angles droits pour imprimante A4;PRIPL90150WH;Print-In Plate uv-resistant with straight corners 9x15 cm (3,54”x5,91”) White;91 with corners A;;;50;;;White;;;;;;;;;;;;;;;;;;;;;;;;;;17/11/2025 21:30;17/11/2025 21:30
254;Print-In Plates with straight corners for A4 Printer;Plaques à imprimer avec angles droits pour imprimante A4;PRIPL7090WH;Print-In Plate uv-resistant with straight corners 7x9 cm (2.76”x3.54”) White;54 with corners A;;;50;;;White;;;;;;;;;;;;;;;;;;;;;;;;;;17/11/2025 21:30;17/11/2025 21:30
255;Print-In Plates with straight corners for A4 Printer;Plaques à imprimer avec angles droits pour imprimante A4;PRIPL10065WH;Print-In Plate uv-resistant with straight corners 10x6,5 cm (3,94”x2,56”) White;56 with corners A;;;50;;;White;;;;;;;;;;;;;;;;;;;;;;;;;;17/11/2025 21:30;17/11/2025 21:30
256;Print-In Plates with straight corners for A4 Printer;Plaques à imprimer avec angles droits pour imprimante A4;PRIPL130180WH;Print-In Plate uv-resistant with straight corners 12,8x17,9 cm White, for P&S Wood Panel 13x18 cm (5”x7”);5 with corners A;;;50;;;White;;;;;;;;;;;;;;;;;;;;;;;;;;17/11/2025 21:30;17/11/2025 21:30
257;Print-In Plates with straight corners for A4 Printer;Plaques à imprimer avec angles droits pour imprimante A4;PRIPL200250WH;Print-In Plate uv-resistant with straight corners 20,3x25,5 cm White, for P&S Wood Panel 20x25 cm (8x10”);cm with corners A;;;10;;;White;;;;;;;;;;;;;;;;;;;;;;;;;;17/11/2025 21:30;17/11/2025 21:30
258;Print-In Plates square with round corners for A4 Printer;Plaques à imprimer avec angles arrondi pour imprimante A4;PRIPL7070WH;Print-In Plate uv-resistant Photo square 7x7 cm (2,76”x2,76”) White;76 square round for Printer;;;50;;;White;;;;;;;;;;;;;;;;;;;;;;;;;;17/11/2025 21:30;17/11/2025 21:30
259;Print-In Plates square with round corners for A4 Printer;Plaques à imprimer avec angles arrondi pour imprimante A4;PRIPL100100SQWH;Print-In Plate uv-resistant Photo square 10x10 cm (3,94”x3,94”) White;94 square round for Printer;;;50;;;White;;;;;;;;;;;;;;;;;;;;;;;;;;17/11/2025 21:30;17/11/2025 21:30
260;Print-In Plates square with round corners for A4 Printer;Plaques à imprimer avec angles arrondi pour imprimante A4;PRIPL120120WH;Print-In Plate uv-resistant Photo square 12x12 cm (4,72”x4,72”) White;72 square round for Printer;;;50;;;White;;;;;;;;;;;;;;;;;;;;;;;;;;17/11/2025 21:30;17/11/2025 21:30
261;Print-In Plates square with round corners for A4 Printer;Plaques à imprimer avec angles arrondi pour imprimante A4;PRIPL200200WH;Print-In Plate uv-resistant Photo square 20x20 cm (7,87”x7,87”) White;87 square round for Printer;;;10;;;White;;;;;;;;;;;;;;;;;;;;;;;;;;17/11/2025 21:30;17/11/2025 21:30
262;Print-In Plates oval and circle for A4 Printer;Plaques à imprimer ovales ou ronde pour imprimante A4;PRIPL5070OVWH;Print-In Plate uv-resistant Photo oval 5x7 cm (1,97”x2,76”) White;76 oval circle A;;;50;;;White;;;;;;;;;;;;;;;;;;;;;;;;;;17/11/2025 21:30;17/11/2025 21:30
263;Print-In Plates oval and circle for A4 Printer;Plaques à imprimer ovales ou ronde pour imprimante A4;PRIPL6080OVWH;Print-In Plate uv-resistant Photo oval 6x8 cm (2,36”x3,15”) White;15 oval circle A;;;50;;;White;;;;;;;;;;;;;;;;;;;;;;;;;;17/11/2025 21:30;17/11/2025 21:30
264;Print-In Plates oval and circle for A4 Printer;Plaques à imprimer ovales ou ronde pour imprimante A4;PRIPL7090OVWH;Print-In Plate uv-resistant Photo oval 7x9 cm (2,76”x3,54”) White;54 oval circle A;;;50;;;White;;;;;;;;;;;;;;;;;;;;;;;;;;17/11/2025 21:30;17/11/2025 21:30
265;Print-In Plates oval and circle for A4 Printer;Plaques à imprimer ovales ou ronde pour imprimante A4;PRIPL801000VWH;Print-In Plate uv-resistant Photo oval 8x10 cm (3,15”x3,94”) White;94 oval circle A;;;50;;;White;;;;;;;;;;;;;;;;;;;;;;;;;;17/11/2025 21:30;17/11/2025 21:30
266;Print-In Plates oval and circle for A4 Printer;Plaques à imprimer ovales ou ronde pour imprimante A4;PRIPL90120OVWH;Print-In Plate uv-resistant Photo oval 9x12 cm (3,54”x4,72”) White;72 oval circle A;;;50;;;White;;;;;;;;;;;;;;;;;;;;;;;;;;17/11/2025 21:30;17/11/2025 21:30
267;Print-In Plates oval and circle for A4 Printer;Plaques à imprimer ovales ou ronde pour imprimante A4;PRIPLH901400VWH;Print-In Plate uv resistant Photo oval 9x14 cm (3,54”x5,51”) White + holes;White oval circle A;;;50;;;White;;;;;;;;;;;;;;;;;;;;;;;;;;17/11/2025 21:30;17/11/2025 21:30
268;Print-In Plates oval and circle for A4 Printer;Plaques à imprimer ovales ou ronde pour imprimante A4;PRIPL110150OVWH;Print-In Plate uv-resistant Photo oval 11x15 cm (4,33”x5,91”) White;91 oval circle A;;;50;;;White;;;;;;;;;;;;;;;;;;;;;;;;;;17/11/2025 21:30;17/11/2025 21:30
269;Print-In Plates oval and circle for A4 Printer;Plaques à imprimer ovales ou ronde pour imprimante A4;PRIPL135185OVWH;Print-In Plate uv-resistant Photo oval 13,5x18,5 cm (5,3”x7,28”) White;28 oval circle A;;;50;;;White;;;;;;;;;;;;;;;;;;;;;;;;;;17/11/2025 21:30;17/11/2025 21:30
270;Print-In Plates oval and circle for A4 Printer;Plaques à imprimer ovales ou ronde pour imprimante A4;PRIPLH1351850WH;Print-In Plate uv-resistant Photo oval 13,5x18,5 cm (5,3”x7,28”) White + holes;White oval circle A;;;50;;;White;;;;;;;;;;;;;;;;;;;;;;;;;;17/11/2025 21:30;17/11/2025 21:30
271;Print-In Plates oval and circle for A4 Printer;Plaques à imprimer ovales ou ronde pour imprimante A4;PRIPL3030WH;Print-In Plate uv-resistant Photo circle 3 cm (1,18”) White;18 oval circle A;;;50;;;White;;;;;;;;;;;;;;;;;;;;;;;;;;17/11/2025 21:30;17/11/2025 21:30
272;Print-In Plates oval and circle for A4 Printer;Plaques à imprimer ovales ou ronde pour imprimante A4;PRIPLH8585WH;Print-In Plate uv-resistant Medaille circle 8,5 cm (0.33”) White with hole;with oval circle A;;;50;;;White;;;;;;;;;;;;;;;;;;;;;;;;;;17/11/2025 21:30;17/11/2025 21:30
273;Print-In Plates oval and circle for A4 Printer;Plaques à imprimer ovales ou ronde pour imprimante A4;PRIPL9696WH;Print-In Plate uv-resistant Photo circle 9,6 cm (3,78”) White;78 oval circle A;;;50;;;White;;;;;;;;;;;;;;;;;;;;;;;;;;17/11/2025 21:30;17/11/2025 21:30
274;Print-In Plates oval and circle for A4 Printer;Plaques à imprimer ovales ou ronde pour imprimante A4;PRIPL100100WH;Print-In Plate uv-resistant Photo circle 10 cm (3,94”) White;94 oval circle A;;;50;;;White;;;;;;;;;;;;;;;;;;;;;;;;;;17/11/2025 21:30;17/11/2025 21:30
275;Print-In Plates oval and circle for A4 Printer;Plaques à imprimer ovales ou ronde pour imprimante A4;PRIPLH100100WHD;Print-In Plate uv-resistant Photo circle 10 cm (3,94”) White, double sided with hole;with oval circle A;;;50;;;White;;;;;;;;;;;;;;;;;;;;;;;;;;17/11/2025 21:30;17/11/2025 21:30
276;Peleman Box A5 - 40;Boîte A5;PBA540BlackTOP;Peleman Box Black A5 40mm Top Plate;40mm (210 x 260mm);;;25;;;Black;;;;;;;;;;;;;;;;;;;;;;;;;;17/11/2025 21:30;17/11/2025 21:30
277;Peleman Box A5 - 40;Boîte A5;PBA540WSTOP;Peleman Box White Soft touch A5 40mm Top Plate;40mm (210 x 260mm);;;25;;;White;;;;;;;;;;;;;;;;;;;;;;;;;;17/11/2025 21:30;17/11/2025 21:30
278;Peleman Box A5 - 40;Boîte A5;PBA540***TOP;Peleman Box Pastel Touch A5 40mm Top Plate;40mm (210 x 260mm);;;25;;;Pastel Blue;;Pastel Pink;;Pastel Yellow;;Pastel Beige;;Pastel Green;;Pastel Purple;;;;;;;;;;;;;;;;17/11/2025 21:30;17/11/2025 21:30
279;Peleman Box A5 - 40;Boîte A5;PBA540SGTOP;Peleman Box Stressed Grey A5 40mm Top Plate;40mm (210 x 260mm);;;25;;;Stressed Grey;;;;;;;;;;;;;;;;;;;;;;;;;;17/11/2025 21:30;17/11/2025 21:30
280;Peleman Box A5 - 40;Boîte A5;PBA540BlackBOT;Peleman Box Black A5 40mm Bottom Plate;40mm (210 x 260mm);;;25;;;Black;;;;;;;;;;;;;;;;;;;;;;;;;;17/11/2025 21:30;17/11/2025 21:30
281;Peleman Box A5 - 40;Boîte A5;PBA540WSBOT;Peleman Box White Soft touch A5 40mm Bottom Plate;40mm (210 x 260mm);;;25;;;White Soft Touch;;;;;;;;;;;;;;;;;;;;;;;;;;17/11/2025 21:30;17/11/2025 21:30
282;Peleman Box A5 - 40;Boîte A5;PBA540***BOT;Peleman Box Pastel Touch A5 40mm Bottom Plate;40mm (210 x 260mm);;;25;;;Pastel Blue;;Pastel Pink;;Pastel Yellow;;Pastel Beige;;Pastel Green;;Pastel Purple;;;;;;;;;;;;;;;;17/11/2025 21:30;17/11/2025 21:30
283;Peleman Box A5 - 40;Boîte A5;PBA540SGBOT;Peleman Box Stressed Grey A5 40mm Bottom Plate;40mm (210 x 260mm);;;25;;;Stressed Grey;;;;;;;;;;;;;;;;;;;;;;;;;;17/11/2025 21:30;17/11/2025 21:30
284;Peleman Box A5 - 40;Boîte A5;PBCLIPA540;Peleman Box Clip (set) A5 - 40mm;40mm (210 x 260mm);;;25;;;;;;;;;;;;;;;;;;;;;;;;;;;;;17/11/2025 21:30;17/11/2025 21:30
285;Peleman Box A5 - Personalise;Boîte personalisée A5;PBA540BASIC;Boite personnalisable - Format A5 - Hauteur 40 mm;40mm (210 x 260mm);;152,00;25;;;;;;;;;;;;;;;;;;;;;;;;;;;;;17/11/2025 21:30;17/11/2025 21:30
286;Peleman Box A4 - 45mm;Boîte A4 - 45mm;PBA445BlackTOP;Peleman Box Black A4 45mm Top Plate;Top 45mm;;;25;;;Black;;;;;;;;;;;;;;;;;;;;;;;;;;17/11/2025 21:30;17/11/2025 21:30
287;Peleman Box A4 - 45mm;Boîte A4 - 45mm;PBA445WSTOP;Peleman Box White Softtouch A4 45mm Top Plate ;Top 45mm;;;25;;;White;;;;;;;;;;;;;;;;;;;;;;;;;;17/11/2025 21:30;17/11/2025 21:30
288;Peleman Box A4 - 45mm;Boîte A4 - 45mm;PBA445***TOP;Peleman Box Pastel Touch A4 45mm Top Plate ;Top 45mm;;;25;;;White Soft Touch;;;;;;;;;;;;;;;;;;;;;;;;;;17/11/2025 21:30;17/11/2025 21:30
289;Peleman Box A4 - 45mm;Boîte A4 - 45mm;PBA445BlackBOT ;Peleman Box Black A4 45mm Bottom Plate;Bottom 45mm;;;25;;;Pastel Blue;;Pastel Pink;;Pastel Yellow;;Pastel Beige;;Pastel Green;;Pastel Purple;;;;;;;;;;;;;;;;17/11/2025 21:30;17/11/2025 21:30
290;Peleman Box A4 - 45mm;Boîte A4 - 45mm;PBA445WSBOT;Peleman Box White Softtouch A4 45mm Bottom Plate;Bottom 45mm;;;25;;;White Soft touch;;;;;;;;;;;;;;;;;;;;;;;;;;17/11/2025 21:30;17/11/2025 21:30
291;Peleman Box A4 - 45mm;Boîte A4 - 45mm;PBA445***BOT;Peleman Box Pastel Touch A4 45mm Bottom Plate ;Bottom 45mm;;;25;;;Pastel Blue;;Pastel Pink;;Pastel Yellow;;Pastel Beige;;Pastel Green;;Pastel Purple;;;;;;;;;;;;;;;;17/11/2025 21:30;17/11/2025 21:30
292;Peleman Box A4 - 45mm;Boîte A4 - 45mm;PBCLIPA445;Peleman Box Clip (set) A4 - 45mm;A4 45mm;34,50;66,25;25;;;;;;;;;;;;;;;;;;;;;;;;;;;;;17/11/2025 21:30;17/11/2025 21:30
293;Peleman Box A4 - 90mm ;Boîte A4 - 90mm;PBA490BlackTOP;Peleman Box Black A4 90mm Top Plate;Top 90mm;40,00;76,50;25;;;Black;;;;;;;;;;;;;;;;;;;;;;;;;;17/11/2025 21:30;17/11/2025 21:30
294;Peleman Box A4 - 90mm ;Boîte A4 - 90mm;PBA490WSTOP;Peleman Box White Soft touch A4 90mm Top Plate;Top 90mm;36,50;70,25;25;;;White Soft touch;;;;;;;;;;;;;;;;;;;;;;;;;;17/11/2025 21:30;17/11/2025 21:30
295;Peleman Box A4 - 90mm ;Boîte A4 - 90mm;PBA490OCTOP;Peleman Box Ocean A4 90mm Top Plate;Top 90mm;47,75;91,00;25;;;Ocean;;;;;;;;;;;;;;;;;;;;;;;;;;17/11/2025 21:30;17/11/2025 21:30
296;Peleman Box A4 - 90mm ;Boîte A4 - 90mm;PBA490FLOTOP;Peleman Box Flowers A4 90mm Top Plate;Top 90mm;47,75;91,00;25;;;Flowers;;;;;;;;;;;;;;;;;;;;;;;;;;17/11/2025 21:30;17/11/2025 21:30
297;Peleman Box A4 - 90mm ;Boîte A4 - 90mm;PBA490***TOP;Peleman Box Pastel Touch A4 90mm Top Plate;Top 90mm;47,75;91,00;25;;;Pastel Blue;;Pastel Pink;;Pastel Yellow;;Pastel Beige;;Pastel Green;;Pastel Purple;;;;;;;;;;;;;;;;17/11/2025 21:30;17/11/2025 21:30
298;Peleman Box A4 - 90mm ;Boîte A4 - 90mm;PBA490SGTOP;Peleman Box Stressed Grey A4 90mm Top Plate;Top 90mm;47,75;91,00;25;;;Stressed Grey;;;;;;;;;;;;;;;;;;;;;;;;;;17/11/2025 21:30;17/11/2025 21:30
299;Peleman Box A4 - 90mm ;Boîte A4 - 90mm;PBA490BlackBOT;Peleman Box Black A4 90mm Bottom Plate;Bottom 90mm;32,25;61,50;25;;;Black;;;;;;;;;;;;;;;;;;;;;;;;;;17/11/2025 21:30;17/11/2025 21:30
300;Peleman Box A4 - 90mm ;Boîte A4 - 90mm;PBA490WSBOT;Peleman Box White Soft touch A4 90mm Bottom Plate;Bottom 90mm;31,00;59,50;25;;;White Soft Touch;;;;;;;;;;;;;;;;;;;;;;;;;;17/11/2025 21:30;17/11/2025 21:30
301;Peleman Box A4 - 90mm ;Boîte A4 - 90mm;PBA490OCBOT;Peleman Box Ocean A4 90mm Bottom Plate;Bottom 90mm;39,75;75,75;25;;;Ocean;;;;;;;;;;;;;;;;;;;;;;;;;;17/11/2025 21:30;17/11/2025 21:30
302;Peleman Box A4 - 90mm ;Boîte A4 - 90mm;PBA490FLOBOT;Peleman Box Flowers A4 90mm Bottom Plate;Bottom 90mm;39,75;75,75;25;;;Flowers;;;;;;;;;;;;;;;;;;;;;;;;;;17/11/2025 21:30;17/11/2025 21:30
303;Peleman Box A4 - 90mm ;Boîte A4 - 90mm;PBA490***BOT;Peleman Box Pastel Touch A4 90mm Bottom Plate;Bottom 90mm;39,75;75,75;25;;;Pastel Blue;;Pastel Pink;;Pastel Yellow;;Pastel Beige;;Pastel Green;;Pastel Purple;;;;;;;;;;;;;;;;17/11/2025 21:30;17/11/2025 21:30
304;Peleman Box A4 - 90mm ;Boîte A4 - 90mm;PBA490SGBOT;Peleman Box Stressed Grey A4 90mm Bottom Plate;Bottom 90mm;39,75;75,75;25;;;Stressed Grey;;;;;;;;;;;;;;;;;;;;;;;;;;17/11/2025 21:30;17/11/2025 21:30
305;Peleman Box A4 - 90mm ;Boîte A4 - 90mm;PBCLIPA490;Peleman Box Clip (set) A4 - 90 mm;90 90mm;50,00;95,75;25;;;;;;;;;;;;;;;;;;;;;;;;;;;;;17/11/2025 21:30;17/11/2025 21:30
306;Peleman Box A4 - Personalise;Boîte personnalisée A4;PBA445BASIC;Boite personnalisable - Format A4 - Hauteur 45 mm;45;;207,60;25;;;;;;;;;;;;;;;;;;;;;;;;;;;;;17/11/2025 21:30;17/11/2025 21:30
307;Peleman Box A4 - Personalise;Boîte personnalisée A4;PBA490BASIC;Boite personnalisable - Format A4 - Hauteur 90 mm;90;;206,00;25;;;;;;;;;;;;;;;;;;;;;;;;;;;;;17/11/2025 21:30;17/11/2025 21:30
308;Peleman Box Basic A5;Boîte A5  - 40mm;PBA540BASICTOPC;Peleman Box Basic A5-40, Top Plate, for Covermaterial, 2,2 mm, Black mirrors;Black A;24,25;46,25;25;;;;;;;;;;;;;;;;;;;;;;;;;;;;;17/11/2025 21:30;17/11/2025 21:30
309;Peleman Box Basic A5;Boîte A5  - 40mm;PBA540BASICTOP;Peleman Box Basic A5-40, Top Plate, Black mirrors;Black A;24,25;46,25;25;;;;;;;;;;;;;;;;;;;;;;;;;;;;;17/11/2025 21:30;17/11/2025 21:30
310;Peleman Box Basic A5;Boîte A5  - 40mm;PBA540BASICBOT;Peleman Box Basic A5-40, Bottom Plate, Black mirrors;Black A;21,75;41,75;25;;;;;;;;;;;;;;;;;;;;;;;;;;;;;17/11/2025 21:30;17/11/2025 21:30
311;Peleman Box Basic A5;Boîte A5  - 40mm;PBCLIPA540;Peleman Box Basic A5-40, CLIPS;40 A;31,50;60,75;25;;;;;;;;;;;;;;;;;;;;;;;;;;;;;17/11/2025 21:30;17/11/2025 21:30
312;Peleman Box Basic A4;Boîte A4  - 45mm;PBA445BASICTOPC;Peleman Box Basic A4-45, Top Plate, for Covermaterial, 2,2 mm, Black mirrors;Black A;30,50;58,00;25;;;;;;;;;;;;;;;;;;;;;;;;;;;;;17/11/2025 21:30;17/11/2025 21:30
313;Peleman Box Basic A4;Boîte A4  - 45mm;PBA445BASICTOP;Peleman Box Basic A4-45, Top Plate, Black mirrors;Black A;30,50;58,00;25;;;;;;;;;;;;;;;;;;;;;;;;;;;;;17/11/2025 21:30;17/11/2025 21:30
314;Peleman Box Basic A4;Boîte A4  - 45mm;PBA445BASICBOT;Peleman Box Basic A4-45, Bottom Plate, Black mirrors;Black A;23,75;45,25;25;;;;;;;;;;;;;;;;;;;;;;;;;;;;;17/11/2025 21:30;17/11/2025 21:30
315;Peleman Box Basic A4;Boîte A4  - 45mm;PBCLIPA445;Peleman Box Basic A4-45, CLIPS;45 A;34,50;66,25;25;;;;;;;;;;;;;;;;;;;;;;;;;;;;;17/11/2025 21:30;17/11/2025 21:30
316;Peleman Box Basic A4;Boîte A4  - 90mm;PBA490BASICTOPC;Peleman Box Basic A4-90, Top Plate, for Covermaterial, 2,2 mm, Black mirrors;Black A;30,75;58,50;25;;;;;;;;;;;;;;;;;;;;;;;;;;;;;17/11/2025 21:30;17/11/2025 21:30
317;Peleman Box Basic A4;Boîte A4  - 90mm;PBA490BASICTOP;Peleman Box Basic A4-90, Top Plate, Black mirrors;Black A;30,75;58,50;25;;;;;;;;;;;;;;;;;;;;;;;;;;;;;17/11/2025 21:30;17/11/2025 21:30
318;Peleman Box Basic A4;Boîte A4  - 90mm;PBA490BASICBOT;Peleman Box Basic A4-90, Bottom Plate, Black mirrors;Black A;24,50;46,50;25;;;;;;;;;;;;;;;;;;;;;;;;;;;;;17/11/2025 21:30;17/11/2025 21:30
319;Peleman Box Basic A4;Boîte A4  - 90mm;PBCLIPA490;Peleman Box Basic A4-90, CLIPS;90 A;50,00;95,75;25;;;;;;;;;;;;;;;;;;;;;;;;;;;;;17/11/2025 21:30;17/11/2025 21:30
320;FlexiBox;Boîte modulable;WFBI340275090WH;FlexiBox Inner, White - 340 x 275 x 90mm;x;;;15;;;White;;;;;;;;;;;;;;;;;;;;;;;;;;17/11/2025 21:30;17/11/2025 21:30
321;FlexiBox;Boîte modulable;WFB0865346WS;FlexiBox Outer, 865 x 346mm, White SoftTouch (In/out);In;;;15;;;White Soft Touch;;;;;;;;;;;;;;;;;;;;;;;;;;17/11/2025 21:30;17/11/2025 21:30
322;FlexiBox;Boîte modulable;FLEXBOXFULL;Flexibox Full color;Full;;;15;;;;;;;;;;;;;;;;;;;;;;;;;;;;;17/11/2025 21:30;17/11/2025 21:30
323;Carrier Bags (48x13x33 cm) ;Sac en papier personnalisable;CB481333XX;Carrier Bag Full colour;48x13x33 cm;1232,50;1610,00;250;;;;;;;;;;;;;;;;;;;;;;;;;;;;;17/11/2025 21:30;17/11/2025 21:30
324;Carrier Bags (48x13x33 cm) ;Sac en papier personnalisable;CB481333500;Carrier Bag Full colour;48x13x33 cm;2045,00;2670,00;500;;;;;;;;;;;;;;;;;;;;;;;;;;;;;17/11/2025 21:30;17/11/2025 21:30
325;Carrier Bags (48x13x33 cm) ;Sac en papier personnalisable;CB4813331000;Carrier Bag Full colour;48x13x33 cm;3140,00;4070,00;1000;;;;;;;;;;;;;;;;;;;;;;;;;;;;;17/11/2025 21:30;17/11/2025 21:30
326;Carrier Bags (48x13x33 cm) ;Sac en papier personnalisable;CB4813332000;Carrier Bag Full colour;48x13x33 cm;5000,00;6520,00;2000;;;;;;;;;;;;;;;;;;;;;;;;;;;;;17/11/2025 21:30;17/11/2025 21:30
327;Carrier Bags (48x13x33 cm) ;Sac en papier personnalisable;CB4813335000;Carrier Bag Full colour;48x13x33 cm;8700,00;11300,00;5000;;;;;;;;;;;;;;;;;;;;;;;;;;;;;17/11/2025 21:30;17/11/2025 21:30
328;Carrier Bags (48x13x33 cm) ;Sac en papier personnalisable;CB481333BA;Carrier Bag Full colour;48x13x33 cm;290,00;378,00;100;;;;;;;;;;;;;;;;;;;;;;;;;;;;;17/11/2025 21:30;17/11/2025 21:30
